sentence;consultant_id;gender;reca;raha
РуслАн хвсантиметрк1ла ЗарИна лАцк1ыс рЫц1а дх1аг1ап1;1;f;1;0
РуслАн хвсантиметрк1ла рЫц1а ЗарИна лАцк1ыс дх1аг1ап1;1;f;1;0
РуслАн рЫц1а хвсантиметрк1ла ЗарИна лАцк1ыс дх1аг1ап1;1;f;1;0
ЗарИна г1ванла рЫц1а  ФатИма лацк1Ыс дх1аг1ап1;1;f;1;0
ЗарИна г1ванла ФатИма лацк1Ыс рЫц1а дх1аг1ап1;1;f;1;0
ЗарИна хынла рЫц1а ФатИма лацк1Ыс дх1аг1ап1;1;f;1;0
ахыг1в х1Ацк1ыс ауИ рЫц1а дх1аг1ап1;1;f;1;0
ДиАна рЫц1а РуслАн йацк1Ыс ддуп1;1;f;1;0
РуслАн хвсантиметрк1ла рах1А ЗарИна лАцк1ыс дх1аг1ап1;1;f;0;1
РуслАн рах1А хвсантиметрк1ла ЗарИна лАцк1ыс дх1аг1ап1;1;f;0;1
ЗарИна г1ванла ФатИма лацк1Ыс рах1А дх1аг1ап1;1;f;0;1
ДАна рах1А йбыхъвх1аг1Аз дхъАлт1;1;f;0;1
ахыг1в х1Ацк1ыс ауИ рах1А дх1аг1ап1;1;f;0;1
ахыг1в х1пнЫ ауИ рах1А дх1аг1ап1;1;f;0;1
РуслАн хвсантиметрк1ла ЗарИна лАцк1ыс рах1А дх1аг1ап1;1;f;0;1
сарА рЫц1а спшдздзап1;1;f;1;0
йацы акнИга хвыцын  уахьч1вА йацЫ Ацк1ыс рЫц1а йдУп1;1;f;1;0
сарА счх1Ара рЫц1а ймач1п1 йарА йАцк1ыс;1;f;1;0
сарА рЫц1а чх1Ара сЫмап1 йарА йАцк1ыс;1;f;1;0
сарА рЫц1а чх1Ара сЫмап1 йарА йАцк1ыс;1;f;1;0
йарА йАцк1ыс сарА рЫц1а сыгьхъыччахъвам;1;f;1;0
йарА йАцк1ыс сарА рЫц1а мач1та сыгьхъыччахъвам;1;f;1;0
ауИ рЫц1а ласЫ дЫг1вит1 сарА сАцк1ыс;1;f;1;0
ауИ рЫц1а ласЫ дЫг1вит1 са сАцк1ыс;1;f;1;0
ауИ рЫц1а ласЫ дЫг1вит1 сацк1Ыс;1;f;1;0
ауИ сацк1ыс рЫц1а ласЫ дЫг1вит1;1;f;1;0
ауИ рЫц1а ласЫта дЫг1вит1 са сацк1ыс;1;f;1;0
ауИ рЫц1а ласЫта дЫг1вит1 сацк1ыс;1;f;1;0
ЗарИна ФатИма лацк1Ыс рЫц1а хынла дх1аг1ап1;1;f;1;0
СултАн йацк1Ыс РуслАн рЫц1а ддуп1;1;f;1;0
СултАн РуслАн йацк1Ыс рЫц1а ддуп1;1;f;1;0
Фатима лацк1Ыс СултАн рЫц1а ддуп1;1;f;1;0
СултАн ФатИма лацк1Ыс рЫц1а ддуп1;1;f;1;0
ДиАна РуслАн йацк1Ыс рЫц1а ддуп1;1;f;1;0
Руслан йацк1Ыс ДиАна рЫц1а ддуп1;1;f;1;0
ауИ рЫц1а ласЫта дЫг1вит1 сарА сацк1ыс;1;f;1;0
сарА швАбыжта хъарАта съабзАзауа  рЫц1а ласЫта сджвЫлц1ра Атахъып1;1;f;1;0
сарА швАбыжта хъарАта съабзАзауа  рЫц1а ласЫта сджвЫлц1ит1;1;f;1;0
ауИ рах1А ласЫ дЫг1вит1 сара сАцк1ыс;1;f;0;1
ауИ рах1А ласЫ дЫг1вит1 са сАцк1ыс;1;f;0;1
ауИ рах1А ласЫ дЫг1вит1 сацк1Ыс;1;f;0;1
ауИ рах1А ласЫта дЫг1вит1 сара сацк1ыс;1;f;0;1
ауИ рах1А ласЫта дЫг1вит1 са сацк1ыс;1;f;0;1
ауИ рах1А ласЫта дЫг1вит1 сацк1ыс;1;f;0;1
жваг1вкъабардИйак1 рАцк1ыс  абАзаг1взАк1 рах1А дагъьп1;1;f;0;1
хвгъЫччва рацк1Ыс мцх1вак1 рах1А дайчвАп1;1;f;0;1
сарА сквт1Уква рах1А ймач1п1 йарА йч1вква рАцк1ыс;1;f;0;1
сарА скастрЮльква рЫц1а йгь(с)щардАм  ларА лч1вква рАцк1ыс;1;f;1;0
сарА скастрЮльква рЫц1а йгьщардАм мама лч1вквА рАцк1ыс;1;f;1;0
РуслАн хвсантиметрк1ла ЗарИна лацк1Ыс рЫц1а дх1аг1ап1;10;f;1;0
ЗарИна г1ванла ФатИма лацк1Ыс рЫц1а дх1аг1ап1;10;f;1;0
Апхьаг1в рЫц1а йх1аг1у йг1атгАраква тшрЫлайырхъададит1;10;f;1;0
са сацк1Ыс рЫц1а йх1аг1у апх1выспа апЕщ дг1ашЫлт1;10;f;1;0
ла лацк1Ыс рЫц1а йх1аг1у апх1выспа апЕщ дг1ашЫлт1 ауАса ауАт гьх1аг1Ам;10;f;1;0
рЫц1а йдуу ач1вА г1асЫт (дай).;10;f;1;0
рЫц1а йдуу ач1вА г1аситИт1;10;f;1;0
зымг1вА рАцк1Ыс рЫц1а йдуу ач1вА г1асЫт;10;f;1;0
зымг1вА рАцк1Ыс рЫц1а йдуу ач1вА г1аситИт1;10;f;1;0
МурАт алА рЫц1а ддуп1;10;f;1;0
РуслАн хвсантиметрк1ла ЗарИна лацк1Ыс рах1А дх1аг1ап1;10;f;0;1
ЗарИна г1ванла ФатИма лацк1Ыс рах1А дх1аг1ап1;10;f;0;1
са сацк1Ыс рах1А йх1аг1у апх1выспа апЕщ дг1ашЫлт1;10;f;0;1
Мух1амАд рЫц1а йпшдзАз пх1вЫспа дг1айш1ашвАт1;10;f;1;0
МурАт сарА сышдзцауА Ацк1ыс рЫц1а ласЫ дЫг1вит1;10;f;1;0
Фатима тшы анылг1вуа Ацк1ыс Руслан рЫц1а ласЫта дАпхьит1;10;f;1;0
сарА сышдзцауА Ацк1ыс МурАт рЫц1а ласЫ дЫг1вит1;10;f;1;0
ауИ сарА сАцк1ыс рЫц1а ласЫ дЫг1вит1;10;f;1;0
ауИ рЫц1а ласЫ дЫг1вит1 сарА сАцк1ыс;10;f;1;0
ауИ рЫц1а ласЫ дЫг1вит1 са сацк1Ыс;10;f;1;0
ауИ рЫц1а ласЫ дЫг1вит1 сАцк1ыс;10;f;1;0
ауИ сацк1ыс рЫц1а ласЫ дЫг1вит1;10;f;1;0
ауИ рЫц1а ласЫта дЫг1вит1 сарА сацк1ыс;10;f;1;0
ауИ рЫц1а ласЫта дЫг1вит1 са сацк1ыс;10;f;1;0
ауИ рЫц1а ласЫта дЫг1вит1 сацк1ыс;10;f;1;0
ауИ дшыг1вуА Ацк1ыс рЫц1а ласЫ дыпхьадзИт1;10;f;1;0
ауИ сшыг1вуА Ацк1ыс рЫц1а ласЫ дыпхьадзИт1;10;f;1;0
Инджьыгь-Чк1вын адзы рЫц1а ласЫта йЫг1вит1 КъвбИна-дзы Ацк1ыс;10;f;1;0
апыжвбАна рЫц1а ласЫ йнЫкъвит1 адабыжьмАкъ Ацк1ыс;10;f;1;0
РуслАн ФатИма тшы шылг1вуА рЫц1а ласЫта дАпхьит1;10;f;1;0
ауИ рах1А ласЫ дЫг1вит1 сара сАцк1ыс;10;f;0;1
ауИ рах1А ласЫ дЫг1вит1 са сацк1Ыс;10;f;0;1
ауИ рах1А ласЫ дЫг1вит1 сацк1ыс;10;f;0;1
ауИ рах1А ласЫта дЫг1вит1 сара сацк1ыс;10;f;0;1
ауИ рах1А ласЫта дЫг1вит1 са сацк1ыс;10;f;0;1
ауИ рах1А ласЫта дЫг1вит1 сацк1ыс;10;f;0;1
ауИ сшыг1вуА Ацк1ыс рах1А ласЫ дыпхьадзИт1;10;f;0;1
Инджьыгь-Чк1вын адзы рЫц1а йЫг1вит1 КъвбИна-дзы Ацк1ыс;10;f;1;0
апыжвбАна рЫц1а йнЫкъвит1 адабыжьмАкъ Ацк1ыс;10;f;1;0
ауИ азамАн Айх1ара рЫц1а дычвит1  данхауа Ацк1ыс;10;f;1;0
ауИ дныкъвауа Ацк1ыс даныг1вуа рЫц1а йайх1Ап1;10;f;1;0
Инджьыгь-Чк1вын адзы рах1А йЫг1вит1 КъвбИна-дзы Ацк1ыс;10;f;0;1
апыжвбАна рах1А йнЫкъвит1 адабыжьмАкъ Ацк1ыс;10;f;0;1
ауИ азамАн Айх1ара рах1а дычвит1  данхауа Ацк1ыс;10;f;0;1
асУмка рЫц1а йх1Атлап1;11;f;1;0
асУмка рЫц1агьи йх1Атлап1;11;f;1;0
асУмка астОл Ацк1ыс рЫц1агьи йх1Атлахат1;11;f;1;0
асУмка шх1Атлаз Ацк1ыс рЫц1агьи йх1Атлахат1;11;f;1;0
ШамИль ДАна дшЫдздзцауа Ацк1ыс рЫц1а ласЫта дЫг1вит1;11;f;1;0
ШамИль Апслачва шЫдздзцауа Ацк1ыс рЫц1а ласЫта дЫг1вит1;11;f;1;0
ШамИль рЫц1а ласЫта Апслачва шЫдздзцауа Ацк1ыс дЫг1вит1;11;f;1;0
ШамИль рЫц1а ласЫта дЫг1вит1 Апслачва шЫдздзцауа Ацк1ыс;11;f;1;0
РуслАн ФатИма дышг1вА Ацк1ыс рЫц1а ласЫта дАпхьит1;11;f;1;0
РуслАн ацгвЫ шчауА Ацк1ыс рЫц1а ласЫта дАпхьит1;11;f;1;0
РуслАн ацгвЫ шчауА Ацк1ыс рЫц1а псАйспата дАпхьит1;11;f;1;0
РуслАн ФатИма тшы шылг1вА Ацк1ыс рЫц1а ласЫта дАпхьит1;11;f;1;0
РуслАн ацгвЫ пслачвА шАфуа Ацк1ыс рЫц1а ласЫта дАпхьит1;11;f;1;0
ЗарИна г1ванла рЫц1а ФатИма лацк1Ыс дх1аг1ап1;12;f;1;0
Нина рЫц1а дгвыбзыгъап1;12;f;1;0
ЗарИна г1ванла рах1А ФатИма лацк1Ыс дх1аг1ап1;12;f;0;1
ЗарИна ФатИма лацк1Ыс г1ванла рах1А дх1аг1ап1;12;f;0;1
Нина рЫц1а дпшдзап1;12;f;1;0
Нина рЫц1а дпшдздзап1;12;f;1;0
Нина рЫц1а дгвышхваг1выч1вг1высп1;12;f;1;0
ауИ рЫц1а ласЫ дпхьадзИт1 са сшг1ва Ацк1ыс;12;f;1;0
ауИ рЫц1а ласЫ дпхьадзИт1 са сшг1ва Ацк1ыс  ауАса сара псАйспата сг1вит1;12;f;1;0
ауИ рЫц1а ласЫта дпхьадзИт1 са сшг1ва Ацк1ыс  ауАса сара псАйспата сг1вит1;12;f;1;0
ауИ рах1А ласЫ дпхьадзИт1 са сшг1ва Ацк1ыс  ауАса сара псАйспа сг1вит1;12;f;0;1
ауИ рах1А ласЫта дпхьадзИт1 са сшг1ва Ацк1ыс;12;f;0;1
ауИ рах1А ласЫ дпхьадзИт1 са сшг1ва Ацк1ыс  ауАса сара псАйспата сг1вит1;12;f;0;1
ауИ рах1А ласЫта дпхьадзИт1 са сшг1ва Ацк1ыс  ауАса сара псАйспата сг1вит1;12;f;0;1
ЗарИна рЫц1а дсгвапхИт1 уарАд сх1варныс ацк1Ыс;12;f;1;0
са ЗарИна рЫц1а дсгвапхИт1 уарАд сх1варныс ацк1Ыс;12;f;1;0
Аба рЫц1а дчит1 йпа йАцк1ыс;12;f;1;0
уарАд сх1варнЫс Ацк1ыс ЗарИна рЫц1а дсгвапхИт1;12;f;1;0
Руслан йАцк1ыс уарАд сх1варнЫс рЫц1а бзи йзбит1;12;f;1;0
РуслАн рах1А дсг1вапхИт1 ацгвЫ Ацк1ыс;12;f;0;1
ЗарИна ФатИма лацк1Ыс г1ванла рЫц1а дх1аг1ап1  ауАса ФатИма дсг1ап1;13;f;1;0
ЗарИна ФатИма лацк1Ыс г1ванла рах1А дх1аг1ап1;13;f;0;1
ЗарИна ФатИма лацк1Ыс г1ванла рах1А дх1аг1ап1  ауАса ФатИма дсг1ап1;13;f;0;1
алац1арА рах1А гвЫмхата йг1вы  пщбАла;13;f;0;1
рах1А гвЫмхата уквыджвджвА  сарА сайг1Айырныс;13;f;0;1
ауИ рЫц1а ласЫ дАпхьит1 са сшг1ва Ацк1ыс;13;f;1;0
ауИ рЫц1а ласЫта дАпхьит1 са сшг1ва Ацк1ыс;13;f;1;0
ауИ рЫц1а щардА дАпхьит1 са сшг1ва Ацк1ыс;13;f;1;0
ауИ рЫц1а щардАта дАпхьит1 са сшг1ва Ацк1ыс;13;f;1;0
ауИ рЫц1а ласЫта дпхьадзИт1 са сшг1ва Ацк1ыс;13;f;1;0
ауИ рЫц1а ласЫ дпхьадзИт1 са сшг1ва Ацк1ыс;13;f;1;0
ауИ рЫц1а щардАта дпхьадзИт1 са сшг1ва Ацк1ыс;13;f;1;0
ауИ рЫц1а щардА дпхьадзИт1 са сшг1ва Ацк1ыс;13;f;1;0
ауИ рЫц1а ласЫта дпхьадзИт1 са сшг1ва Ацк1ыс  сарА псАйспадза сг1вЫзт1х1ва;13;f;1;0
ауИ рЫц1а ласЫ дпхьадзИт1 са сшг1ва Ацк1ыс  сарА псАйспадза сг1вЫзт1х1ва;13;f;1;0
Мух1амад  рЫц1а псАйспата учвАжва;13;f;1;0
абАста рЫц1а (й)щардАта ичпА;13;f;1;0
Кърым  рах1А ласЫта уг1ай  йх1фуш х1азЫрп1;13;f;0;1
Мух1амад  рах1А псАйспата учвАжва;13;f;0;1
рах1А псАйспата учвАжва  апЕщ йАцхъу пАпа дЫчвит1;13;f;0;1
Лёля  бАста рах1А щардА ичпА  сасчвА х1ызг1Аит1;13;f;0;1
нАна  бАста рах1А мАч1та йысзЫг1апкъ  сарА сымгва йчвЫп1;13;f;0;1
рАх1а сг1Ата ухъАпал  сарА зак1гьИ йгьызбУм;13;f;0;1
ауИ рах1А ласЫ дАпхьит1 са сшг1ва Ацк1ыс;13;f;0;1
ауИ рах1А ласЫта дАпхьит1 са сшг1ва Ацк1ыс;13;f;0;1
ауИ рах1А ласЫ дпхьадзИт1 са сшг1ва Ацк1ыс;13;f;0;1
ауИ рах1А ласЫта дпхьадзИт1 са сшг1ва Ацк1ыс;13;f;0;1
ауИ рах1А ласЫ дпхьадзИт1 са сшг1ва Ацк1ыс  (ауАса) сарА псАйспадза сг1вЫзт1х1ва;13;f;0;1
ауИ рах1А ласЫта дпхьадзИт1 са сшг1ва Ацк1ыс  сарА псАйспадза сг1вЫзт1х1ва;13;f;0;1
Инджьыгь-Чк1вын адзы рЫц1а ласЫта йЫг1вит1 КъвбИна-дзы Ацк1ыс;13;f;1;0
К.-дзы шыг1вуа Ацк1ыс И-Ч.-адзы шыг1вуа рЫц1а йласЫп1;13;f;1;0
Кърым  рЫц1а ласЫта уг1ай;13;f;1;0
Инджьыгь-Чк1вын адзы рЫц1а ласЫта йЫг1вит1 КъвбИна-дзы Ацк1ыс;13;f;1;0
Инджьыгь-Чк1вын адзы рЫц1а ласЫта йшЫг1вуа КъвбИна-дзы Ацк1ыс;13;f;1;0
К.-дзы шыг1вуа Ацк1ыс И-Ч.-адзы шыг1вуа рЫц1а йласЫп1;13;f;1;0
Инджьыгь-Чк1вын адзы рЫц1а йЫг1вит1 КъвбИна-дзы Ацк1ыс;13;f;1;0
ИнджьЫгь-Чк1вын адзЫ КъвбИна адзЫ Ацк1ыс рЫц1а йЫг1вит1;13;f;1;0
Апхьаг1в рах1А дЫчвуашт1 дынхУш ацк1Ыс;13;f;0;1
Амир йацк1Ыс БорИс рЫц1а дх1аг1Ап1;14;m;1;0
ауИ рЫц1а ласЫта дАпхьит1 сАцк1ыс;14;m;1;0
Мурат сара сшыг1ва ацк1Ыс рЫц1а ласЫта дыдзцит1;14;m;1;0
ауИ сАцк1ыс рЫц1а ласЫта дАпхьит1;14;m;1;0
ауИ рах1А ласЫта дАпхьит1 сАцк1ыс;14;m;0;1
ауИ рах1А ласЫта дАпхьит1 сАцк1ыс;14;m;0;1
ауИ сАцк1ыс рах1А ласЫта дАпхьит1;14;m;0;1
ауИ сарА сышг1вА Ацк1ыс рах1А ласЫта дАпхьит1;14;m;0;1
ауИ сарА сышг1вА (с)ацк1Ыс рах1А ласЫта дАпхьит1;14;m;0;1
ауИ даннЫкъвауа ацк1Ыс данЫг1вуа рах1А йайх1Ап1;15;m;0;1
ЛИна рЫц1а дгвыбзЫгъап1 сшхъвыцуАз ацк1ыс;15;m;1;0
амш рЫц1а йауырАп1 сшхъвыцуАз ацк1Ыс;15;m;1;0
ахатшпЫ рЫц1а йц1Олап1 дышхъвЫцуа ацк1Ыс;15;m;1;0
СултАн йытдзЫ рЫц1а йдуп1 Мух1амАд йбОра ацк1Ыс;15;m;1;0
СултАн йтып атдзЫ рЫц1а йапшп1 Мух1амАд йбОра ацк1Ыс;15;m;1;0
ауИ ласЫта рЫц1а дАпхьит1 сацк1Ыс;15;m;1;0
ауИ ласЫта дАпхьит1 рЫц1а сацк1Ыс;15;m;1;0
ауИ ласЫта дАпхьит1 сацк1Ыс рЫц1а;15;m;1;0
ауИ рЫц1а сАцк1ыс ласЫта дАпхьит1;15;m;1;0
ауИ сАцк1ыс ласЫта рЫц1а дАпхьит1;15;m;1;0
ауИ сАцк1ыс ласЫта дАпхьит1 рЫц1а;15;m;1;0
ауИ рЫц1а ласЫ дпхьадзИт1 са сшг1ва Ацк1ыс  ауАса сара псАйспата сг1вит1;15;m;1;0
ауИ рЫц1а ласЫта дпхьадзИт1 са сшг1ва Ацк1ыс  ауАса сара псАйспата сг1вит1;15;m;1;0
РуслАн ФатИма тшы шылг1вуА Ацк1ыс рЫц1а ласЫта дАпхьит1;15;m;1;0
ауИ рЫц1а ласЫта дАпхьит1 сацк1Ыс;15;m;1;0
ауИ сАцк1ыс рЫц1а ласЫта дАпхьит1;15;m;1;0
ауИ рых1А сАцк1ыс ласЫта дАпхьит1;15;m;0;1
ауИ сАцк1ыс ласЫта рах1А дАпхьит1;15;m;0;1
ауИ сАцк1ыс ласЫта дАпхьит1 рах1А;15;m;0;1
ауИ рах1А ласЫ дпхьадзИт1 са сшг1ва Ацк1ыс  ауАса сара псАйспата сг1вит1;15;m;0;1
ауИ рах1А ласЫта дпхьадзИт1 са сшг1ва Ацк1ыс  ауАса сара псАйспата сг1вит1;15;m;0;1
ауИ рах1А ласЫ дпхьадзИт1 са сшг1ва Ацк1ыс  ауАса ауИ дзАзап1  псАйспата дпхьадзит1;15;m;0;1
ауИ рах1А ласЫта дпхьадзИт1 са сшг1ва Ацк1ыс  ауАса ауИ дзАзап1  псАйспата дпхьадзит1;15;m;0;1
ауИ рах1А ласЫта дпхьадзИт1 са сшг1ва Ацк1ыс  ауАса ауИ псАйспата дпхьадзит1;15;m;0;1
ауИ рах1А ласЫ дпхьадзИт1 са сшг1ва Ацк1ыс  ауАса ауИ псАйспата дпхьадзит1;15;m;0;1
ауИ рах1А ласЫта дпхьадзИт1 са сшг1ва Ацк1ыс  ауАса ауИ псАйспата дпхьадзит1;15;m;0;1
ауИ рах1А ласЫта дАпхьит1 сацк1Ыс;15;m;0;1
ауИ сАцк1ыс рах1А ласЫта дАпхьит1;15;m;0;1
РуслАн ФатИма тшы шылг1вуА Ацк1ыс рах1А ласЫта дАпхьит1;15;m;0;1
ауИ рЫц1а ласЫта дАпхьит1 сшг1вуА ацк1Ыс;15;m;1;0
ауИ рЫц1а сарА сышг1вуА Ацк1ыс ласЫта дАпхьит1;15;m;1;0
ауИ сарА сышг1вуА ацк1Ыс рЫц1а ласЫта дАпхьит1;15;m;1;0
ауИ сарА сышг1вуА Ацк1ыс ласЫта рЫц1а дАпхьит1;15;m;1;0
ауИ сарА сышг1вА Ацк1ыс ласЫта дАпхьит1 рЫц1а;15;m;1;0
МухамАд рЫц1а дсгвапхИт1 СултАн йацк1Ыс;15;m;1;0
СултАн йацк1Ыс МухамАд рЫц1а дсгвапхИт1;15;m;1;0
ауИ рЫц1а бзи дызбИт1 Мах1амАд йацк1Ыс;15;m;1;0
сарА ацыгвквА рЫц1а бзи йзбит1 алаквА рацк1Ыс;15;m;1;0
дымг1вайсуа ацк1Ыс рЫц1а дыг1вит1;15;m;1;0
дымг1вайсуа ацк1Ыс рах1А дыг1вит1;15;m;0;1
уыжжвЫ адзЫ (й)блит1  ауАса хвминутк1ла рЫц1а йхьуАшт1;16;m;1;0
уыжжвЫ адзЫ блит1  ауАса уыжжвы ацк1Ыс хвминутк1 йахъыц1рквын рЫц1а йхьуАшт1  апещ хьшвАшва апнЫ;16;m;1;0
СултАн РуслАн йацк1Ыс рах1А ддуп1;2;f;0;1
СултАн рах1А РуслАн йацк1Ыс ддуп1;2;f;0;1
СултАн йацк1Ыс РуслАн рах1А ддуп1;2;f;0;1
СултАн рах1А ФатИма лацк1Ыс ддуп1;2;f;0;1
ДиАна рах1А РуслАн йацк1Ыс ддуп1;2;f;0;1
ДиАна РуслАн йацк1Ыс рах1А ддуп1;2;f;0;1
Руслан йацк1Ыс ДиАна рах1А ддуп1;2;f;0;1
ЗарИна хынла рЫц1а ФатИма лацк1Ыс дх1аг1ап1;3;f;1;0
ЗарИна ФатИма лацк1Ыс рЫц1а хынла дх1аг1ап1;3;f;1;0
асабИква агвАш рЫц1а пшдза йыршвЫт1;3;f;1;0
асабИква агвАш рЫц1а пшдза йыршвЫт1  адУква рацк1Ыс;3;f;1;0
асабИква агвАш рЫц1а пшдза йыршвЫт1 абльЫнква рац1к1Ыс;3;f;1;0
асабИква агвАш рЫц1а пшдза йыршвЫт1 са сацк1Ыс;3;f;1;0
асабИква агвАш рЫц1а пшдза йыршвЫт1 ба бацк1Ыс;3;f;1;0
ауИ сацк1Ыс рах1А ддуп1;3;f;0;1
МурАт алА ацк1Ыс рах1А ддуп1;3;f;0;1
ажв рах1А йдуп1 Мурат йацк1Ыс;3;f;0;1
ажв МурАт йацк1Ыс рах1А йдуп1;3;f;0;1
ЗарИна г1ванла рах1А ФатИма лАцк1ыс дх1аг1ап1;3;f;0;1
ЗарИна рах1А г1ванла ФатИма лАцк1ыс дх1аг1ап1;3;f;0;1
ЗарИна ФатИма лацк1Ыс рах1А хынла дх1аг1ап1;3;f;0;1
ЗарИна г1ванла ФатИма лацк1Ыс рах1А дх1аг1ап1;3;f;0;1
арИ Апьхарта рах1А-рах1А бзи йызбауА сАлагат1;3;f;0;1
арИ Апьхарта рах1А бзи йызбауА сАлагат1;3;f;0;1
х1пахь йгЫлу Ац1ла ансисквшЫ рах1А-рах1А йАлах1ит1;3;f;0;1
ФатИма тшы лг1вындзЫкьа Ацк1ыс РуслАн рЫц1а ласЫ дАпхьит1;3;f;1;0
ауИ рЫц1а ласЫ дЫг1вит1 сарА сАцк1ыс;3;f;1;0
ауИ рЫц1а ласЫ дЫг1вит1 са сАцк1ыс;3;f;1;0
ауИ рЫц1а ласЫ дЫг1вит1 сацк1Ыс;3;f;1;0
ауИ рЫц1а ласЫ дЫг1вит1 са(ра) сацк1Ыс;3;f;1;0
ауИ сацк1ыс рЫц1а ласЫ дЫг1вит1;3;f;1;0
ауИ рЫц1а ласЫта дЫг1вит1 сарА сацк1ыс;3;f;1;0
ауИ рЫц1а ласЫта дЫг1вит1 са сацк1ыс;3;f;1;0
ауИ рЫц1а ласЫта дЫг1вит1 сацк1ыс;3;f;1;0
Абага рЫц1а ласЫ йЫг1вит1 ажьа ацк1ыс;3;f;1;0
Абага рЫц1а ласЫта йЫг1вит1 ажьа ацк1ыс;3;f;1;0
аба рЫц1а ласЫ дчит1 йпа йацк1Ыс;3;f;1;0
аба рЫц1а щарда йфит1 йпа йацк1Ыс;3;f;1;0
ажв рЫц1а йдуп1 МурАт йацк1Ыс;3;f;1;0
ауИ рах1А ласЫ дЫг1вит1 са(ра) сацк1ыс;3;f;0;1
са сацк1Ыс ауи рах1А ласЫ дЫг1вит1;3;f;0;1
РуслАни ЗарИни йг1аг1вит1  ауИ рах1А ласЫ дЫг1вит1 лара лацк1Ыс;3;f;0;1
ауИ рах1А ласЫ дЫг1вит1 сара сАцк1ыс;3;f;0;1
ауИ рах1А ласЫ дЫг1вит1 са сАцк1ыс;3;f;0;1
ауИ рах1А ласЫ дЫг1вит1 сацк1Ыс;3;f;0;1
ауИ рах1А ласЫта дЫг1вит1 сара сацк1ыс;3;f;0;1
ауИ рах1А ласЫта дЫг1вит1 са сацк1ыс;3;f;0;1
ауИ рах1А ласЫта дЫг1вит1 сацк1ыс;3;f;0;1
Абага рах1А ласЫ йЫг1вит1 ажьа ацк1ыс;3;f;0;1
Абага рах1А ласЫта йЫг1вит1 ажьа ацк1ыс;3;f;0;1
аба рах1А ласЫ дчит1 йпа йацк1Ыс;3;f;0;1
аба рах1А щарда йфит1 йпа йацк1Ыс;3;f;0;1
ауИ рах1А ласЫ дЫг1вит1 лара лацк1Ыс;3;f;0;1
ачвынцквА сщындзЫкьа Руслан рах1А ласЫ дг1Аг1вашт1;3;f;0;1
Абага рЫц1а йЫг1вит1 Ажьа ацк1Ыс;3;f;1;0
аба рЫц1а дчит1 йпа йацк1Ыс;3;f;1;0
ауИ рЫц1а дыг1вит1 дымг1вайсуа ацк1Ыс;3;f;1;0
ЗарИна рЫц1а дсгвапхИт1 ДиАна лацк1Ыс;3;f;1;0
ЗарИна рЫц1а дсгвапхИт1 РуслАн йацк1Ыс;3;f;1;0
са уарАд сх1варнЫс рЫц1а йг1Алсхит1 сг1ах1вырнЫс ацк1Ыс;3;f;1;0
са уарАд сх1варнЫс рЫц1а бзи йызбИт1 Руслан йацк1Ыс;3;f;1;0
са уарАд сх1варнЫс рЫц1а йг1Алсхит1 Руслан йацк1Ыс;3;f;1;0
уарАд х1варА рЫц1а бзи йызбИт1 РуслАн йацк1Ыс;3;f;1;0
ЗарИна рЫц1а дсгвапхИт1 уарАд сх1варныс ацк1Ыс;3;f;1;0
арИ Апьхарта рЫц1а-рЫц1а бзи йызбауА сАлагат1;3;f;1;0
арИ Апьхарта рЫц1а бзи йызбауА сАлагат1;3;f;1;0
Абага рЫц1а йшвИт1 аквЫджьма ацк1ыс;3;f;1;0
сара х1Аба йацк1Ыс х1ан рах1А бзи дызбит1;3;f;0;1
РуслАн ЗарИна лацк1ыс рах1А бзи дЫг1вит1;3;f;0;1
аба рах1А дчит1 йпа йацк1Ыс;3;f;0;1
аг1щаг1вЫ рах1А дЫчвырныс бзи йбит1 дынхарнЫс ацк1Ыс;3;f;0;1
Апхьаг1в рах1А дычвИт1 дынхауА ацк1Ыс;3;f;0;1
МурАт алА ацк1Ыс рЫц1а ддуп1;4;f;1;0
асабИ алА ацк1Ыс рЫц1а ддуп1;4;f;1;0
ажв МурАт йацк1Ыс рЫц1а йдуп1;4;f;1;0
РуслАн ЗарИна лацк1Ыс хвсантиметрк1ла рЫц1а дх1аг1ап1;4;f;1;0
РуслАн хвсантиметрк1ла ЗарИна лацк1Ыс рЫц1а дх1аг1ап1;4;f;1;0
Зарина Фатима лацк1ыс рЫц1а дх1аг1Ап1  ауаса ауАт йхвыцп1;4;f;1;0
Зарина Фатима лацк1Ыс рЫц1а дх1аг1Ап1;4;f;1;0
Зарина Фатима лацк1ыс рыц1а ддуп1  ауаса ауАт йхвЫцп1;4;f;1;0
уахьч1вА амш рЫц1а йбзИп1 йацЫ ацк1Ыс;4;f;1;0
апх1вЫспа рЫц1а пшдзап1 ачк1вЫн йацк1Ыс;4;f;1;0
ЗарИна г1ванла ФатИма лацк1Ыс рах1А дх1аг1ап1;4;f;0;1
Зарина Фатима лацк1ыс рах1А дх1аг1Ап1  ауаса ауАт йхвыцп1;4;f;0;1
Зарина Фатима лацк1Ыс рах1А дх1аг1Ап1;4;f;0;1
Зарина Фатима лацк1ыс рах1А ддуп1  ауаса ауАт йхвЫцп1;4;f;0;1
МурАт алА ацк1Ыс рах1А ддуп1;4;f;0;1
ажв МурАт йацк1Ыс рах1А йдуп1;4;f;0;1
РуслАн рЫц1а ласЫта дапхьИт1 сара ачвынц1Ы сщындзЫк1ьа;4;f;1;0
ауИ йацк1Ыс сарА рЫц1а сласЫп1;4;f;1;0
ауИ йацк1Ыс сарА рЫц1а ласЫрала сагъьп1;4;f;1;0
ауИ рах1А ласЫта дпхьадзИт1 са сшг1ва Ацк1ыс  сарА псАйспадза сг1вЫзт1х1ва;4;f;0;1
РуслАн рах1А ласЫта дапхьИт1 сара ачвынц1Ы сщындзЫк1ьа;4;f;0;1
Мурат (5) Мух1амад (4) йацк1Ыс рЫц1а дЫг1вит1;4;f;1;0
Шамель (5) Фазиль (4) йацк1Ыс рЫц1а тширЫхъынх1вит1;4;f;1;0
амац1ауг1вЫ йацк1Ыс арЫпхьаг1в рЫц1а дг1апсИт1;4;f;1;0
Апхьаг1в рах1А дычвИт1 дынхауА ацк1Ыс;4;f;0;1
Мурат (5) Мух1амад (4) йацк1Ыс рах1А дЫг1вит1;4;f;0;1
Шамель (5) Фазиль (4) йацк1Ыс рах1А тширЫхъынх1вит1;4;f;0;1
дгвыбзыгъаздх1ва рЫц1а дпшдзап1;5;f;1;0
арИ ашв Ацк1ыс ауахьауИ ашв рЫц1а йагъьп1;5;f;1;0
зымг1вА йаларц1Аз Ацк1ыс арИ Апхьага рах1А йджьащАхъвап1;5;f;0;1
ауИ рЫц1а ласЫ дпхьадзИт1 са сшг1ва Ацк1ыс  сарА псАйспадза сг1вит1;5;f;1;0
ауИ рЫц1а ласЫта дпхьадзИт1 са сшг1ва Ацк1ыс  сарА псАйспадза сг1вит1;5;f;1;0
ауИ рах1А дута дхъыччит1 са сАцк1ыс;5;f;0;1
ауИ дУта рах1А дхъыччит1 са сАцк1ыс;5;f;0;1
ауИ рах1А дхъыччит1 са сАцк1ыс;5;f;0;1
ауИ дхъыччит1 рах1А са сАцк1ыс;5;f;0;1
рах1А ауИ дхъыччит1 са сАцк1ыс;5;f;0;1
ауИ дхъыччит1 са сАцк1ыс рах1А;5;f;0;1
ауИ рах1А ласЫ дпхьадзИт1 са сшг1ва Ацк1ыс;5;f;0;1
ауИ рах1А ласЫ дпхьадзИт1 са сшг1ва Ацк1ыс  сарА псАйспадза сг1вит1;5;f;0;1
ауИ рах1А ласЫта дпхьадзИт1 са сшг1ва Ацк1ыс  сарА псАйспадза сг1вит1;5;f;0;1
са сшазкъвЫцуа ацк1Ыс амш рах1А йауЫрап1;7;f;0;1
сшазкъвЫцуа ацк1Ыс амш рах1А йауЫрап1;7;f;0;1
амш рах1А йауЫрап1 са сшазкъвЫцуа ацк1Ыс;7;f;0;1
амш рах1А йауЫрап1 сшазкъвЫцуа ацк1Ыс;7;f;0;1
Мухамад йбОра ацк1Ыс СултАн йтЫдзхъпк1ьы рЫц1а йагъьп1;7;f;1;0
рЫц1а ддуп1;7;f;1;0
рЫц1а дпшдзап1;7;f;1;0
ауИ сара сацк1Ыс рЫц1а ласЫта дАпхьит1;7;f;1;0
ауИ рЫц1а ласЫта дАпхьит1 сацк1Ыс;7;f;1;0
ауИ ласЫта рЫц1а дАпхьит1 сацк1Ыс;7;f;1;0
ауИ ласЫта дАпхьит1 рЫц1а сацк1Ыс;7;f;1;0
ауИ ласЫта дАпхьит1 сацк1Ыс рЫц1а;7;f;1;0
ауИ рЫц1а сАцк1ыс ласЫта дАпхьит1;7;f;1;0
ауИ сАцк1ыс ласЫта рЫц1а дАпхьит1;7;f;1;0
ауИ сАцк1ыс ласЫта дАпхьит1 рЫц1а;7;f;1;0
ауИ сАцк1ыс рЫц1а ласЫта дАпхьит1;7;f;1;0
ауИ рах1А ласЫта дАпхьит1 сацк1Ыс;7;f;0;1
ауИ ласЫта рах1А дАпхьит1 сАцк1ыс;7;f;0;1
ауИ ласЫта дАпхьит1 рах1А сАцк1ыс;7;f;0;1
ауИ ласЫта дАпхьит1 сАцк1ыс рах1А;7;f;0;1
РуслАн ФатИма тшы шылг1вуА Ацк1ыс рах1А ласЫта дАпхьит1;7;f;0;1
РуслАн ФатИма тшы шылг1вуА Ацк1ыс рах1А ласЫ дАпхьит1;7;f;0;1
ауИ рах1А ласЫ дЫг1вит1 сарА сацк1ыс;7;f;0;1
сара сшыдзцауА ацк1Ыс МурАт рах1А ласЫта дыг1вИт1;7;f;0;1
сарА къальАмла сшг1ва ацк1Ыс ауи къарандашла рах1А ласЫта дг1вит1;7;f;0;1
ауи къарандАшла рах1А ласЫта дг1вит1 сарА къальАмла сшг1вуА ацк1Ыс;7;f;0;1
сарА къальАмла рах1А ласЫта сг1вит1 ауи къарандашла дшг1ва ацк1Ыс;7;f;0;1
рах1А дласып1;7;f;0;1
РуслАн ФатИма тшы шылг1вуА Ацк1ыс рЫц1а ласЫта дАпхьит1;7;f;1;0
РуслАн ФатИма тшы шылг1вуА Ацк1ыс рЫц1а ласЫ дАпхьит1;7;f;1;0
сара сшыдзцауА ацк1Ыс МурАт рЫц1а ласЫта дыг1вИт1;7;f;1;0
сарА къальАмла сшг1ва ацк1Ыс ауи къарандашла рЫц1а ласЫ-лас дг1вит1;7;f;1;0
сарА къальАмла сшг1ва ацк1Ыс ауи къарандашла рЫц1а ласЫ дг1вит1;7;f;1;0
сарА къальАмла сшг1ва ацк1Ыс ауи къарандашла рЫц1а ласыта дг1вит1;7;f;1;0
сарА къальАмла сшг1ва ацк1Ыс ауи къарандашла рЫц1а ласЫта дг1вит1;7;f;1;0
ауи къарандАшла рЫц1а ласЫта дг1вит1 сарА къальАмла сшг1ва ацк1Ыс;7;f;1;0
ШамЕль къальАмла ацк1Ыс къарандАшла рЫц1а ласЫта дг1вит1;7;f;1;0
ШамЕль къарандАшла рЫц1а ласЫта дг1вит1 къальАмла ацк1Ыс;7;f;1;0
ШамАль къальАмла дшг1ва ацк1Ыс къарандашла рЫц1а ласЫта дг1вит1;7;f;1;0
ШамЕль къарандАшла рЫц1а ласЫта дг1вит1 къальАмла дшг1ва ацк1Ыс;7;f;1;0
Шамель къарандашла рЫц1а ласЫ дг1вит1 йъадзапирЫдзадзуа ацк1Ыс;7;f;1;0
Шамель къарандашла рЫц1а ласЫ дг1вит1 къарандаш ъадзапирЫдзадзуа ацк1Ыс;7;f;1;0
Шамель къарандашла рЫц1а ласЫ дг1вит1 къарандАшла агъыч дшыйщуА ацк1Ыс;7;f;1;0
Шамель къарандашла рЫц1а ласЫ дг1вит1 агъыч дшыйщуА ацк1Ыс;7;f;1;0
Шамель къарандашла рЫц1а ласЫ дг1вит1 агъыч ауЫла дшыйщуА ацк1Ыс;7;f;1;0
сарА Мух1амАд йацк1Ыс Султ1Ан рах1А бзи дызбИт1;7;f;0;1
рах1А бзи бызбит1;7;f;0;1
дъАдзамг1вайсуа ацк1Ыс дъАдзаг1вуа рЫц1а йайх1ап1;7;f;1;0
ЗарИна ФатИма лацк1Ыс г1ванла рЫц1а дх1аг1ап1  ауАса ФатИма дсг1ап1;8;f;1;0
ЗарИна ФатИма лацк1Ыс г1ванла рах1А дх1аг1ап1  ауАса ФатИма дсг1ап1;8;f;0;1
аба рЫц1а ласЫ дчит1 йпа йацк1Ыс;8;f;1;0
аба рЫц1а ласЫта дчит1 йпа йацк1Ыс;8;f;1;0
аба дчит1 рЫц1а ласЫ йпа йацк1Ыс;8;f;1;0
аба дчит1 рЫц1а ласЫта йпа йацк1Ыс;8;f;1;0
Зарина дхвыцп1 ауаса Зарина Фатима лацк1Ыс рЫц1а ддуп1;9;f;1;0
Зарина Фатима лацк1Ыс рЫц1а дх1аг1Ап1;9;f;1;0
Зарина дхвыцп1 ауаса Зарина Фатима лацк1Ыс рах1А ддуп1;9;f;0;1
Зарина Фатима лацк1Ыс рах1А дх1аг1Ап1  ауаса ауАт йгьх1аг1Ам;9;f;0;1
Зарина Фатима лацк1Ыс рах1А дх1аг1Ап1;9;f;0;1
Зарина Фатима лацк1Ыс рах1А дх1аг1Ап1  ауаса ауАт аг1вЫджьгьи дук1 йгьх1аг1Ам;9;f;0;1
Зарина Фатима лацк1Ыс агАлагьи рах1А дхвыцп1;9;f;0;1
рах1А ддуп1 са сАцк1ыс;9;f;0;1
рах1А йч1ыхвп1;9;f;0;1
рах1А дгвыбзыгъап1;9;f;0;1
рах1А дгвыбзыгъап1 са сАцк1ыс;9;f;0;1
сарА псАйспадза сг1вЫзт1х1ва  ауИ рах1А ласЫта дпхьадзИт1 са сшг1ва Ацк1ыс;9;f;0;1
ауИ рЫц1а ласЫта дпхьадзИт1 са сшг1ва Ацк1ыс  ауАса ауИ(-гьи) псАйспата дпхьадзит1;9;f;1;0
Шамель (5) Фазиль (3-4) йацк1Ыс рЫц1а бзИта тширЫхъынх1вит1;9;f;1;0
Шамель (5) Фазиль (3-4) йацк1Ыс рах1А бзИта тширЫхъынх1вит1;9;f;0;1
рах1А дласып1;9;f;0;1
рах1А бзи бызбит1;9;f;0;1