n;word_ortho;number_syllables;word_q1;onset_q1;coda_q1;word_q2;onset_q2;coda_q2
1;а;1;V;V;V;V;V;V
2;аба;2;V-O-V;V;V;V-O-V;V;V
3;абажур;3;V-O-V-O-V-R;V;R;V-O-V-O-V-S;V;S
4;абаџија;4;V-O-V-O-V-J-V;V;V;V-O-V-O-V-S-V;V;V
5;абдал;2;V-O-O-V-L;V;L;V-O-O-V-S;V;S
6;абдикација;5;V-O-O-V-O-V-O-V-J-V;V;V;V-O-O-V-O-V-O-V-S-V;V;V
7;абдицира;4;V-O-O-V-O-V-R-V;V;V;V-O-O-V-O-V-S-V;V;V
8;абдомен;3;V-O-O-V-N-V-N;V;N;V-O-O-V-S-V-S;V;S
9;абдоминален;5;V-O-O-V-N-V-N-V-L-V-N;V;N;V-O-O-V-S-V-S-V-S-V-S;V;S
10;абер;2;V-O-V-R;V;R;V-O-V-S;V;S
11;аберација;5;V-O-V-R-V-O-V-J-V;V;V;V-O-V-S-V-O-V-S-V;V;V
12;аберџија;4;V-O-V-R-O-V-J-V;V;V;V-O-V-S-O-V-S-V;V;V
13;абецеда;4;V-O-V-O-V-O-V;V;V;V-O-V-O-V-O-V;V;V
14;абецедар;4;V-O-V-O-V-O-V-R;V;R;V-O-V-O-V-O-V-S;V;S
15;абецеден;4;V-O-V-O-V-O-V-N;V;N;V-O-V-O-V-O-V-S;V;S
16;аби;2;V-O-V;V;V;V-O-V;V;V
17;абиогенеза;6;V-O-V-V-O-V-N-V-O-V;V;V;V-O-V-V-O-V-S-V-O-V;V;V
18;абнормален;4;V-O-N-V-R-N-V-L-V-N;V;N;V-O-S-V-S-S-V-S-V-S;V;S
19;аболира;4;V-O-V-L-V-R-V;V;V;V-O-V-S-V-S-V;V;V
20;аболиција;5;V-O-V-L-V-O-V-J-V;V;V;V-O-V-S-V-O-V-S-V;V;V
21;абонамент;4;V-O-V-N-V-N-V-N-O;V;N-O;V-O-V-S-V-S-V-S-O;V;S-O
22;абонација;5;V-O-V-N-V-O-V-J-V;V;V;V-O-V-S-V-O-V-S-V;V;V
23;абонент;3;V-O-V-N-V-N-O;V;N-O;V-O-V-S-V-S-O;V;S-O
24;абонентски;4;V-O-V-N-V-N-O-O-O-V;V;V;V-O-V-S-V-S-O-O-O-V;V;V
25;абонира;4;V-O-V-N-V-R-V;V;V;V-O-V-S-V-S-V;V;V
26;абонос;3;V-O-V-N-V-O;V;O;V-O-V-S-V-O;V;O
27;абоносов;4;V-O-V-N-V-O-V-O;V;O;V-O-V-S-V-O-V-O;V;O
28;абортира;4;V-O-V-R-O-V-R-V;V;V;V-O-V-S-O-V-S-V;V;V
29;абортус;3;V-O-V-R-O-V-O;V;O;V-O-V-S-O-V-O;V;O
30;абразив;3;V-O-R-V-O-V-O;V;O;V-O-S-V-O-V-O;V;O
31;абразивен;4;V-O-R-V-O-V-O-V-N;V;N;V-O-S-V-O-V-O-V-S;V;S
32;абразија;4;V-O-R-V-O-V-J-V;V;V;V-O-S-V-O-V-S-V;V;V
33;абраш;2;V-O-R-V-O;V;O;V-O-S-V-O;V;O
34;абрашест;3;V-O-R-V-O-V-O-O;V;O-O;V-O-S-V-O-V-O-O;V;O-O
35;абрашлив;3;V-O-R-V-O-L-V-O;V;O;V-O-S-V-O-S-V-O;V;O
36;абрашлија;4;V-O-R-V-O-L-V-J-V;V;V;V-O-S-V-O-S-V-S-V;V;V
37;абре;2;V-O-R-V;V;V;V-O-S-V;V;V
38;абревијатура;6;V-O-R-V-O-V-J-V-O-V-R-V;V;V;V-O-S-V-O-V-S-V-O-V-S-V;V;V
39;ава;2;V-O-V;V;V;V-O-V;V;V
40;аван;2;V-O-V-N;V;N;V-O-V-S;V;S
41;авангарда;4;V-O-V-N-O-V-R-O-V;V;V;V-O-V-S-O-V-S-O-V;V;V
42;авангарден;4;V-O-V-N-O-V-R-O-V-N;V;N;V-O-V-S-O-V-S-O-V-S;V;S
43;авангардизам;5;V-O-V-N-O-V-R-O-V-O-V-N;V;N;V-O-V-S-O-V-S-O-V-O-V-S;V;S
44;аванс;2;V-O-V-N-O;V;N-O;V-O-V-S-O;V;S-O
45;авансира;4;V-O-V-N-O-V-R-V;V;V;V-O-V-S-O-V-S-V;V;V
46;авантура;4;V-O-V-N-O-V-R-V;V;V;V-O-V-S-O-V-S-V;V;V
47;авантуризам;5;V-O-V-N-O-V-R-V-O-V-N;V;N;V-O-V-S-O-V-S-V-O-V-S;V;S
48;авантурист;4;V-O-V-N-O-V-R-V-O-O;V;O-O;V-O-V-S-O-V-S-V-O-O;V;O-O
49;аватар;3;V-O-V-O-V-R;V;R;V-O-V-O-V-S;V;S
50;Авганистан;4;V-O-O-V-N-V-O-O-V-N;V;N;V-O-O-V-S-V-O-O-V-S;V;S
51;август;2;V-O-O-V-O-O;V;O-O;V-O-O-V-O-O;V;O-O
52;авенија;4;V-O-V-N-V-J-V;V;V;V-O-V-S-V-S-V;V;V
53;аверзија;4;V-O-V-R-O-V-J-V;V;V;V-O-V-S-O-V-S-V;V;V
54;аверс;2;V-O-V-R-O;V;R-O;V-O-V-S-O;V;S-O
55;авет;2;V-O-V-O;V;O;V-O-V-O;V;O
56;авијатика;5;V-O-V-J-V-O-V-O-V;V;V;V-O-V-S-V-O-V-O-V;V;V
57;авијатичар;5;V-O-V-J-V-O-V-O-V-R;V;R;V-O-V-S-V-O-V-O-V-S;V;S
58;авијација;5;V-O-V-J-V-O-V-J-V;V;V;V-O-V-S-V-O-V-S-V;V;V
59;авиоиндустрија;7;V-O-V-V-V-N-O-V-O-O-R-V-J-V;V;V;V-O-V-V-V-S-O-V-O-O-S-V-S-V;V;V
60;авиокомпанија;7;V-O-V-V-O-V-N-O-V-N-V-J-V;V;V;V-O-V-V-O-V-S-O-V-S-V-S-V;V;V
61;авиоконструктор;6;V-O-V-V-O-V-N-O-O-R-V-O-O-V-R;V;R;V-O-V-V-O-V-S-O-O-S-V-O-O-V-S;V;S
62;авиолинија;6;V-O-V-V-L-V-N-V-J-V;V;V;V-O-V-V-S-V-S-V-S-V;V;V
63;авиомеханичар;7;V-O-V-V-N-V-O-V-N-V-O-V-R;V;R;V-O-V-V-S-V-O-V-S-V-O-V-S;V;S
64;авион;3;V-O-V-V-N;V;N;V-O-V-V-S;V;S
65;авиопревозник;6;V-O-V-V-O-R-V-O-V-O-N-V-O;V;O;V-O-V-V-O-S-V-O-V-O-S-V-O;V;O
66;авитаминоза;6;V-O-V-O-V-N-V-N-V-O-V;V;V;V-O-V-O-V-S-V-S-V-O-V;V;V
67;авитаминозен;6;V-O-V-O-V-N-V-N-V-O-V-N;V;N;V-O-V-O-V-S-V-S-V-O-V-S;V;S
68;авка;2;V-O-O-V;V;V;V-O-O-V;V;V
69;авлија;3;V-O-L-V-J-V;V;V;V-O-S-V-S-V;V;V
70;авокадо;4;V-O-V-O-V-O-V;V;V;V-O-V-O-V-O-V;V;V
71;авра;2;V-O-R-V;V;V;V-O-S-V;V;V
72;Австралија;4;V-O-O-O-R-V-L-V-J-V;V;V;V-O-O-O-S-V-S-V-S-V;V;V
73;австралиски;4;V-O-O-O-R-V-L-V-O-O-V;V;V;V-O-O-O-S-V-S-V-O-O-V;V;V
74;Австрија;3;V-O-O-O-R-V-J-V;V;V;V-O-O-O-S-V-S-V;V;V
75;австриски;3;V-O-O-O-R-V-O-O-V;V;V;V-O-O-O-S-V-O-O-V;V;V
76;австроунгарски;5;V-O-O-O-R-V-V-N-O-V-R-O-O-V;V;V;V-O-O-O-S-V-V-S-O-V-S-O-O-V;V;V
77;автаркија;4;V-O-O-V-R-O-V-J-V;V;V;V-O-O-V-S-O-V-S-V;V;V
78;автаркичен;4;V-O-O-V-R-O-V-O-V-N;V;N;V-O-O-V-S-O-V-O-V-S;V;S
79;автарх;2;V-O-O-V-R-O;V;R-O;V-O-O-V-S-O;V;S-O
80;автархија;4;V-O-O-V-R-O-V-J-V;V;V;V-O-O-V-S-O-V-S-V;V;V
81;автархиски;4;V-O-O-V-R-O-V-O-O-V;V;V;V-O-O-V-S-O-V-O-O-V;V;V
82;автархичен;4;V-O-O-V-R-O-V-O-V-N;V;N;V-O-O-V-S-O-V-O-V-S;V;S
83;автентикација;6;V-O-O-V-N-O-V-O-V-O-V-J-V;V;V;V-O-O-V-S-O-V-O-V-O-V-S-V;V;V
84;автентицира;5;V-O-O-V-N-O-V-O-V-R-V;V;V;V-O-O-V-S-O-V-O-V-S-V;V;V
85;автентичен;4;V-O-O-V-N-O-V-O-V-N;V;N;V-O-O-V-S-O-V-O-V-S;V;S
86;авто;2;V-O-O-V;V;V;V-O-O-V;V;V
87;автоанализа;6;V-O-O-V-V-N-V-L-V-O-V;V;V;V-O-O-V-V-S-V-S-V-O-V;V;V
88;автобиографија;7;V-O-O-V-O-V-V-O-R-V-O-V-J-V;V;V;V-O-O-V-O-V-V-O-S-V-O-V-S-V;V;V
89;автобус;3;V-O-O-V-O-V-O;V;O;V-O-O-V-O-V-O;V;O
90;автогаража;5;V-O-O-V-O-V-R-V-O-V;V;V;V-O-O-V-O-V-S-V-O-V;V;V
91;автогол;3;V-O-O-V-O-V-L;V;L;V-O-O-V-O-V-S;V;S
92;автограм;3;V-O-O-V-O-R-V-N;V;N;V-O-O-V-O-S-V-S;V;S
93;автограф;3;V-O-O-V-O-R-V-O;V;O;V-O-O-V-O-S-V-O;V;O
94;автодидакт;4;V-O-O-V-O-V-O-V-O-O;V;O-O;V-O-O-V-O-V-O-V-O-O;V;O-O
95;автодидактика;6;V-O-O-V-O-V-O-V-O-O-V-O-V;V;V;V-O-O-V-O-V-O-V-O-O-V-O-V;V;V
96;автодром;3;V-O-O-V-O-R-V-N;V;N;V-O-O-V-O-S-V-S;V;S
97;автоелектричар;6;V-O-O-V-V-L-V-O-O-R-V-O-V-R;V;R;V-O-O-V-V-S-V-O-O-S-V-O-V-S;V;S
98;автоимун;4;V-O-O-V-V-N-V-N;V;N;V-O-O-V-V-S-V-S;V;S
99;автокамп;3;V-O-O-V-O-V-N-O;V;N-O;V-O-O-V-O-V-S-O;V;S-O
100;автокефален;5;V-O-O-V-O-V-O-V-L-V-N;V;N;V-O-O-V-O-V-O-V-S-V-S;V;S
101;автокефалија;6;V-O-O-V-O-V-O-V-L-V-J-V;V;V;V-O-O-V-O-V-O-V-S-V-S-V;V;V
102;автокефалност;5;V-O-O-V-O-V-O-V-L-N-V-O-O;V;O-O;V-O-O-V-O-V-O-V-S-S-V-O-O;V;O-O
103;автоклуб;3;V-O-O-V-O-L-V-O;V;O;V-O-O-V-O-S-V-O;V;O
104;автокоманда;5;V-O-O-V-O-V-N-V-N-O-V;V;V;V-O-O-V-O-V-S-V-S-O-V;V;V
105;автократ;3;V-O-O-V-O-R-V-O;V;O;V-O-O-V-O-S-V-O;V;O
106;автократизам;5;V-O-O-V-O-R-V-O-V-O-V-N;V;N;V-O-O-V-O-S-V-O-V-O-V-S;V;S
107;автократија;5;V-O-O-V-O-R-V-O-V-J-V;V;V;V-O-O-V-O-S-V-O-V-S-V;V;V
108;автолимар;4;V-O-O-V-L-V-N-V-R;V;R;V-O-O-V-S-V-S-V-S;V;S
109;автомат;3;V-O-O-V-N-V-O;V;O;V-O-O-V-S-V-O;V;O
110;автоматизам;5;V-O-O-V-N-V-O-V-O-V-N;V;N;V-O-O-V-S-V-O-V-O-V-S;V;S
111;автоматизација;7;V-O-O-V-N-V-O-V-O-V-O-V-J-V;V;V;V-O-O-V-S-V-O-V-O-V-O-V-S-V;V;V
112;автоматизира;6;V-O-O-V-N-V-O-V-O-V-R-V;V;V;V-O-O-V-S-V-O-V-O-V-S-V;V;V
113;автоматизиран;6;V-O-O-V-N-V-O-V-O-V-R-V-N;V;N;V-O-O-V-S-V-O-V-O-V-S-V-S;V;S
114;автоматски;4;V-O-O-V-N-V-O-O-O-V;V;V;V-O-O-V-S-V-O-O-O-V;V;V
115;автоматски;4;V-O-O-V-N-V-O-O-O-V;V;V;V-O-O-V-S-V-O-O-O-V;V;V
116;автомеханика;6;V-O-O-V-N-V-O-V-N-V-O-V;V;V;V-O-O-V-S-V-O-V-S-V-O-V;V;V
117;автомеханичар;6;V-O-O-V-N-V-O-V-N-V-O-V-R;V;R;V-O-O-V-S-V-O-V-S-V-O-V-S;V;S
118;автомобил;4;V-O-O-V-N-V-O-V-L;V;L;V-O-O-V-S-V-O-V-S;V;S
119;автомобилизам;6;V-O-O-V-N-V-O-V-L-V-O-V-N;V;N;V-O-O-V-S-V-O-V-S-V-O-V-S;V;S
120;автомобилист;5;V-O-O-V-N-V-O-V-L-V-O-O;V;O-O;V-O-O-V-S-V-O-V-S-V-O-O;V;O-O
121;автономен;4;V-O-O-V-N-V-N-V-N;V;N;V-O-O-V-S-V-S-V-S;V;S
122;автономизам;5;V-O-O-V-N-V-N-V-O-V-N;V;N;V-O-O-V-S-V-S-V-O-V-S;V;S
123;автономизира;6;V-O-O-V-N-V-N-V-O-V-R-V;V;V;V-O-O-V-S-V-S-V-O-V-S-V;V;V
124;автономија;5;V-O-O-V-N-V-N-V-J-V;V;V;V-O-O-V-S-V-S-V-S-V;V;V
125;автономист;4;V-O-O-V-N-V-N-V-O-O;V;O-O;V-O-O-V-S-V-S-V-O-O;V;O-O
126;автопаркинг;4;V-O-O-V-O-V-R-O-V-N-O;V;N-O;V-O-O-V-O-V-S-O-V-S-O;V;S-O
127;автопат;3;V-O-O-V-O-V-O;V;O;V-O-O-V-O-V-O;V;O
128;автопералница;6;V-O-O-V-O-V-R-V-L-N-V-O-V;V;V;V-O-O-V-O-V-S-V-S-S-V-O-V;V;V
129;автопортрет;4;V-O-O-V-O-V-R-O-R-V-O;V;O;V-O-O-V-O-V-S-O-S-V-O;V;O
130;автопревозник;5;V-O-O-V-O-R-V-O-V-O-N-V-O;V;O;V-O-O-V-O-S-V-O-V-O-S-V-O;V;O
131;автоприколка;5;V-O-O-V-O-R-V-O-V-L-O-V;V;V;V-O-O-V-O-S-V-O-V-S-O-V;V;V
132;автор;2;V-O-O-V-R;V;R;V-O-O-V-S;V;S
133;авторемонт;4;V-O-O-V-R-V-N-V-N-O;V;N-O;V-O-O-V-S-V-S-V-S-O;V;S-O
134;авторизација;6;V-O-O-V-R-V-O-V-O-V-J-V;V;V;V-O-O-V-S-V-O-V-O-V-S-V;V;V
135;авторизира;5;V-O-O-V-R-V-O-V-R-V;V;V;V-O-O-V-S-V-O-V-S-V;V;V
136;авторизиран;5;V-O-O-V-R-V-O-V-R-V-N;V;N;V-O-O-V-S-V-O-V-S-V-S;V;S
137;авторитарен;5;V-O-O-V-R-V-O-V-R-V-N;V;N;V-O-O-V-S-V-O-V-S-V-S;V;S
138;авторитативен;6;V-O-O-V-R-V-O-V-O-V-O-V-N;V;N;V-O-O-V-S-V-O-V-O-V-O-V-S;V;S
139;авторитет;4;V-O-O-V-R-V-O-V-O;V;O;V-O-O-V-S-V-O-V-O;V;O
140;авторитетен;5;V-O-O-V-R-V-O-V-O-V-N;V;N;V-O-O-V-S-V-O-V-O-V-S;V;S
141;авторов;3;V-O-O-V-R-V-O;V;O;V-O-O-V-S-V-O;V;O
142;авторски;3;V-O-O-V-R-O-O-V;V;V;V-O-O-V-S-O-O-V;V;V
143;авторство;3;V-O-O-V-R-O-O-O-V;V;V;V-O-O-V-S-O-O-O-V;V;V
144;автосервис;4;V-O-O-V-O-V-R-O-V-O;V;O;V-O-O-V-O-V-S-O-V-O;V;O
145;автостоп;3;V-O-O-V-O-O-V-O;V;O;V-O-O-V-O-O-V-O;V;O
146;автостопер;4;V-O-O-V-O-O-V-O-V-R;V;R;V-O-O-V-O-O-V-O-V-S;V;S
147;автостопира;5;V-O-O-V-O-O-V-O-V-R-V;V;V;V-O-O-V-O-O-V-O-V-S-V;V;V
148;автострада;4;V-O-O-V-O-O-R-V-O-V;V;V;V-O-O-V-O-O-S-V-O-V;V;V
149;автосугестивен;6;V-O-O-V-O-V-O-V-O-O-V-O-V-N;V;N;V-O-O-V-O-V-O-V-O-O-V-O-V-S;V;S
150;автосугестија;6;V-O-O-V-O-V-O-V-O-O-V-J-V;V;V;V-O-O-V-O-V-O-V-O-O-V-S-V;V;V
151;автотранспорт;4;V-O-O-V-O-R-V-N-O-O-V-R-O;V;R-O;V-O-O-V-O-S-V-S-O-O-V-S-O;V;S-O
152;автотранспортен;5;V-O-O-V-O-R-V-N-O-O-V-R-O-V-N;V;N;V-O-O-V-O-S-V-S-O-O-V-S-O-V-S;V;S
153;автохипноза;5;V-O-O-V-O-V-O-N-V-O-V;V;V;V-O-O-V-O-V-O-S-V-O-V;V;V
154;автохтон;3;V-O-O-V-O-O-V-N;V;N;V-O-O-V-O-O-V-S;V;S
155;автоцензура;5;V-O-O-V-O-V-N-O-V-R-V;V;V;V-O-O-V-O-V-S-O-V-S-V;V;V
156;ага;2;V-O-V;V;V;V-O-V;V;V
157;агалак;3;V-O-V-L-V-O;V;O;V-O-V-S-V-O;V;O
158;агале;3;V-O-V-L-V;V;V;V-O-V-S-V;V;V
159;агенда;3;V-O-V-N-O-V;V;V;V-O-V-S-O-V;V;V
160;агенс;2;V-O-V-N-O;V;N-O;V-O-V-S-O;V;S-O
161;агент;2;V-O-V-N-O;V;N-O;V-O-V-S-O;V;S-O
162;агентура;4;V-O-V-N-O-V-R-V;V;V;V-O-V-S-O-V-S-V;V;V
163;агенција;4;V-O-V-N-O-V-J-V;V;V;V-O-V-S-O-V-S-V;V;V
164;агилен;3;V-O-V-L-V-N;V;N;V-O-V-S-V-S;V;S
165;агин;2;V-O-V-N;V;N;V-O-V-S;V;S
166;агинка;3;V-O-V-N-O-V;V;V;V-O-V-S-O-V;V;V
167;агитатор;4;V-O-V-O-V-O-V-R;V;R;V-O-V-O-V-O-V-S;V;S
168;агитација;5;V-O-V-O-V-O-V-J-V;V;V;V-O-V-O-V-O-V-S-V;V;V
169;агитира;4;V-O-V-O-V-R-V;V;V;V-O-V-O-V-S-V;V;V
170;агитпроп;3;V-O-V-O-O-R-V-O;V;O;V-O-V-O-O-S-V-O;V;O
171;агитпроповски;5;V-O-V-O-O-R-V-O-V-O-O-O-V;V;V;V-O-V-O-O-S-V-O-V-O-O-O-V;V;V
172;агица;3;V-O-V-O-V;V;V;V-O-V-O-V;V;V
173;аглест;2;V-O-L-V-O-O;V;O-O;V-O-S-V-O-O;V;O-O
174;агломер;3;V-O-L-V-N-V-R;V;R;V-O-S-V-S-V-S;V;S
175;агломерат;4;V-O-L-V-N-V-R-V-O;V;O;V-O-S-V-S-V-S-V-O;V;O
176;агломерација;6;V-O-L-V-N-V-R-V-O-V-J-V;V;V;V-O-S-V-S-V-S-V-O-V-S-V;V;V
177;аглутинација;6;V-O-L-V-O-V-N-V-O-V-J-V;V;V;V-O-S-V-O-V-S-V-O-V-S-V;V;V
178;агностик;3;V-O-N-V-O-O-V-O;V;O;V-O-S-V-O-O-V-O;V;O
179;агностика;4;V-O-N-V-O-O-V-O-V;V;V;V-O-S-V-O-O-V-O-V;V;V
180;агностицизам;5;V-O-N-V-O-O-V-O-V-O-V-N;V;N;V-O-S-V-O-O-V-O-V-O-V-S;V;S
181;агов;2;V-O-V-O;V;O;V-O-V-O;V;O
182;аговина;4;V-O-V-O-V-N-V;V;V;V-O-V-O-V-S-V;V;V
183;аговски;3;V-O-V-O-O-O-V;V;V;V-O-V-O-O-O-V;V;V
184;агол;2;V-O-V-L;V;L;V-O-V-S;V;S
185;аголен;3;V-O-V-L-V-N;V;N;V-O-V-S-V-S;V;S
186;агонија;4;V-O-V-N-V-J-V;V;V;V-O-V-S-V-S-V;V;V
187;агора;3;V-O-V-R-V;V;V;V-O-V-S-V;V;V
188;агравација;5;V-O-R-V-O-V-O-V-J-V;V;V;V-O-S-V-O-V-O-V-S-V;V;V
189;аграр;2;V-O-R-V-R;V;R;V-O-S-V-S;V;S
190;аграрен;3;V-O-R-V-R-V-N;V;N;V-O-S-V-S-V-S;V;S
191;агрегат;3;V-O-R-V-O-V-O;V;O;V-O-S-V-O-V-O;V;O
192;агрегатен;4;V-O-R-V-O-V-O-V-N;V;N;V-O-S-V-O-V-O-V-S;V;S
193;агреман;3;V-O-R-V-N-V-N;V;N;V-O-S-V-S-V-S;V;S
194;агресивен;4;V-O-R-V-O-V-O-V-N;V;N;V-O-S-V-O-V-O-V-S;V;S
195;агресивец;4;V-O-R-V-O-V-O-V-O;V;O;V-O-S-V-O-V-O-V-O;V;O
196;агресија;4;V-O-R-V-O-V-J-V;V;V;V-O-S-V-O-V-S-V;V;V
197;агресор;3;V-O-R-V-O-V-R;V;R;V-O-S-V-O-V-S;V;S
198;агри;2;V-O-R-V;V;V;V-O-S-V;V;V
199;агрикултура;5;V-O-R-V-O-V-L-O-V-R-V;V;V;V-O-S-V-O-V-S-O-V-S-V;V;V
200;агро;2;V-O-R-V;V;V;V-O-S-V;V;V
201;агробизнис;4;V-O-R-V-O-V-O-N-V-O;V;O;V-O-S-V-O-V-O-S-V-O;V;O
202;агрокомбинат;5;V-O-R-V-O-V-N-O-V-N-V-O;V;O;V-O-S-V-O-V-S-O-V-S-V-O;V;O
203;агроном;3;V-O-R-V-N-V-N;V;N;V-O-S-V-S-V-S;V;S
204;агрономија;5;V-O-R-V-N-V-N-V-J-V;V;V;V-O-S-V-S-V-S-V-S-V;V;V
205;агротехника;5;V-O-R-V-O-V-O-N-V-O-V;V;V;V-O-S-V-O-V-O-S-V-O-V;V;V
206;агруми;3;V-O-R-V-N-V;V;V;V-O-S-V-S-V;V;V
207;агува;3;V-O-V-O-V;V;V;V-O-V-O-V;V;V
208;ад;1;V-O;V;O;V-O;V;O
209;ада;2;V-O-V;V;V;V-O-V;V;V
210;адам;2;V-O-V-N;V;N;V-O-V-S;V;S
211;адамов;3;V-O-V-N-V-O;V;O;V-O-V-S-V-O;V;O
212;адаптабилен;5;V-O-V-O-O-V-O-V-L-V-N;V;N;V-O-V-O-O-V-O-V-S-V-S;V;S
213;адаптација;5;V-O-V-O-O-V-O-V-J-V;V;V;V-O-V-O-O-V-O-V-S-V;V;V
214;адаптер;3;V-O-V-O-O-V-R;V;R;V-O-V-O-O-V-S;V;S
215;адаптерски;4;V-O-V-O-O-V-R-O-O-V;V;V;V-O-V-O-O-V-S-O-O-V;V;V
216;адаптира;4;V-O-V-O-O-V-R-V;V;V;V-O-V-O-O-V-S-V;V;V
217;адаптиран;4;V-O-V-O-O-V-R-V-N;V;N;V-O-V-O-O-V-S-V-S;V;S
218;адаџо;3;V-O-V-O-V;V;V;V-O-V-O-V;V;V
219;адвент;2;V-O-O-V-N-O;V;N-O;V-O-O-V-S-O;V;S-O
220;адвентизам;4;V-O-O-V-N-O-V-O-V-N;V;N;V-O-O-V-S-O-V-O-V-S;V;S
221;адвентист;3;V-O-O-V-N-O-V-O-O;V;O-O;V-O-O-V-S-O-V-O-O;V;O-O
222;адверб;2;V-O-O-V-R-O;V;R-O;V-O-O-V-S-O;V;S-O
223;адвербијален;5;V-O-O-V-R-O-V-J-V-L-V-N;V;N;V-O-O-V-S-O-V-S-V-S-V-S;V;S
224;адвокат;3;V-O-O-V-O-V-O;V;O;V-O-O-V-O-V-O;V;O
225;адвокатува;5;V-O-O-V-O-V-O-V-O-V;V;V;V-O-O-V-O-V-O-V-O-V;V;V
226;адвокатура;5;V-O-O-V-O-V-O-V-R-V;V;V;V-O-O-V-O-V-O-V-S-V;V;V
227;адекватен;4;V-O-V-O-O-V-O-V-N;V;N;V-O-V-O-O-V-O-V-S;V;S
228;адет;2;V-O-V-O;V;O;V-O-V-O;V;O
229;адикција;4;V-O-V-O-O-V-J-V;V;V;V-O-V-O-O-V-S-V;V;V
230;адитив;3;V-O-V-O-V-O;V;O;V-O-V-O-V-O;V;O
231;адитивен;4;V-O-V-O-V-O-V-N;V;N;V-O-V-O-V-O-V-S;V;S
232;адјектив;3;V-O-J-V-O-O-V-O;V;O;V-O-S-V-O-O-V-O;V;O
233;адјункт;2;V-O-J-V-N-O-O;V;N-O-O;V-O-S-V-S-O-O;V;S-O-O
234;административен;6;V-O-N-V-N-V-O-O-R-V-O-V-O-V-N;V;N;V-O-S-V-S-V-O-O-S-V-O-V-O-V-S;V;S
235;административец;6;V-O-N-V-N-V-O-O-R-V-O-V-O-V-O;V;O;V-O-S-V-S-V-O-O-S-V-O-V-O-V-O;V;O
236;администратор;5;V-O-N-V-N-V-O-O-R-V-O-V-R;V;R;V-O-S-V-S-V-O-O-S-V-O-V-S;V;S
237;администрација;6;V-O-N-V-N-V-O-O-R-V-O-V-J-V;V;V;V-O-S-V-S-V-O-O-S-V-O-V-S-V;V;V
238;администрира;5;V-O-N-V-N-V-O-O-R-V-R-V;V;V;V-O-S-V-S-V-O-O-S-V-S-V;V;V
239;адмирал;3;V-O-N-V-R-V-L;V;L;V-O-S-V-S-V-S;V;S
240;адмиралитет;5;V-O-N-V-R-V-L-V-O-V-O;V;O;V-O-S-V-S-V-S-V-O-V-O;V;O
241;адолесцент;4;V-O-V-L-V-O-O-V-N-O;V;N-O;V-O-V-S-V-O-O-V-S-O;V;S-O
242;адолесценција;6;V-O-V-L-V-O-O-V-N-O-V-J-V;V;V;V-O-V-S-V-O-O-V-S-O-V-S-V;V;V
243;адреналин;4;V-O-R-V-N-V-L-V-N;V;N;V-O-S-V-S-V-S-V-S;V;S
244;адреса;3;V-O-R-V-O-V;V;V;V-O-S-V-O-V;V;V
245;адресант;3;V-O-R-V-O-V-N-O;V;N-O;V-O-S-V-O-V-S-O;V;S-O
246;адресар;3;V-O-R-V-O-V-R;V;R;V-O-S-V-O-V-S;V;S
247;адресат;3;V-O-R-V-O-V-O;V;O;V-O-S-V-O-V-O;V;O
248;адресира;4;V-O-R-V-O-V-R-V;V;V;V-O-S-V-O-V-S-V;V;V
249;адут;2;V-O-V-O;V;O;V-O-V-O;V;O
250;аѓутант;3;V-O-V-O-V-N-O;V;N-O;V-O-V-O-V-S-O;V;S-O
251;аѓутантство;4;V-O-V-O-V-N-O-O-O-O-V;V;V;V-O-V-O-V-S-O-O-O-O-V;V;V
252;аеро;3;V-V-R-V;V;V;V-V-S-V;V;V
253;аеробатика;6;V-V-R-V-O-V-O-V-O-V;V;V;V-V-S-V-O-V-O-V-O-V;V;V
254;аеробик;4;V-V-R-V-O-V-O;V;O;V-V-S-V-O-V-O;V;O
255;аеродинамика;7;V-V-R-V-O-V-N-V-N-V-O-V;V;V;V-V-S-V-O-V-S-V-S-V-O-V;V;V
256;аеродинамичен;7;V-V-R-V-O-V-N-V-N-V-O-V-N;V;N;V-V-S-V-O-V-S-V-S-V-O-V-S;V;S
257;аеродром;4;V-V-R-V-O-R-V-N;V;N;V-V-S-V-O-S-V-S;V;S
258;аерозагадување;8;V-V-R-V-O-V-O-V-O-V-O-V-N-V;V;V;V-V-S-V-O-V-O-V-O-V-O-V-S-V;V;V
259;аероклуб;4;V-V-R-V-O-L-V-O;V;O;V-V-S-V-O-S-V-O;V;O
260;аеролит;4;V-V-R-V-L-V-O;V;O;V-V-S-V-S-V-O;V;O
261;аерометар;5;V-V-R-V-N-V-O-V-R;V;R;V-V-S-V-S-V-O-V-S;V;S
262;аеромеханика;7;V-V-R-V-N-V-O-V-N-V-O-V;V;V;V-V-S-V-S-V-O-V-S-V-O-V;V;V
263;аеромитинг;5;V-V-R-V-N-V-O-V-N-O;V;N-O;V-V-S-V-S-V-O-V-S-O;V;S-O
264;аеронаут;5;V-V-R-V-N-V-V-O;V;O;V-V-S-V-S-V-V-O;V;O
265;аеронаутика;7;V-V-R-V-N-V-V-O-V-O-V;V;V;V-V-S-V-S-V-V-O-V-O-V;V;V
266;аероплан;4;V-V-R-V-O-L-V-N;V;N;V-V-S-V-O-S-V-S;V;S
267;аеросол;4;V-V-R-V-O-V-L;V;L;V-V-S-V-O-V-S;V;S
268;аеростат;4;V-V-R-V-O-O-V-O;V;O;V-V-S-V-O-O-V-O;V;O
269;аеротранспорт;5;V-V-R-V-O-R-V-N-O-O-V-R-O;V;R-O;V-V-S-V-O-S-V-S-O-O-V-S-O;V;S-O
270;аерофобија;6;V-V-R-V-O-V-O-V-J-V;V;V;V-V-S-V-O-V-O-V-S-V;V;V
271;аждаја;3;V-O-O-V-J-V;V;V;V-O-O-V-S-V;V;V
272;аждер;2;V-O-O-V-R;V;R;V-O-O-V-S;V;S
273;ажур;2;V-O-V-R;V;R;V-O-V-S;V;S
274;ажурен;3;V-O-V-R-V-N;V;N;V-O-V-S-V-S;V;S
275;ажурира;4;V-O-V-R-V-R-V;V;V;V-O-V-S-V-S-V;V;V
276;азалеја;4;V-O-V-L-V-J-V;V;V;V-O-V-S-V-S-V;V;V
277;азар;2;V-O-V-R;V;R;V-O-V-S;V;S
278;азбест;2;V-O-O-V-O-O;V;O-O;V-O-O-V-O-O;V;O-O
279;азбестен;3;V-O-O-V-O-O-V-N;V;N;V-O-O-V-O-O-V-S;V;S
280;азбука;3;V-O-O-V-O-V;V;V;V-O-O-V-O-V;V;V
281;азбучен;3;V-O-O-V-O-V-N;V;N;V-O-O-V-O-V-S;V;S
282;азбучник;3;V-O-O-V-O-N-V-O;V;O;V-O-O-V-O-S-V-O;V;O
283;азган;2;V-O-O-V-N;V;N;V-O-O-V-S;V;S
284;аздиса;3;V-O-O-V-O-V;V;V;V-O-O-V-O-V;V;V
285;Азербејџан;4;V-O-V-R-O-V-J-O-V-N;V;N;V-O-V-S-O-V-S-O-V-S;V;S
286;Азија;3;V-O-V-J-V;V;V;V-O-V-S-V;V;V
287;азил;2;V-O-V-L;V;L;V-O-V-S;V;S
288;азилант;3;V-O-V-L-V-N-O;V;N-O;V-O-V-S-V-S-O;V;S-O
289;азимут;3;V-O-V-N-V-O;V;O;V-O-V-S-V-O;V;O
290;азиски;3;V-O-V-O-O-V;V;V;V-O-V-O-O-V;V;V
291;азна;2;V-O-N-V;V;V;V-O-S-V;V;V
292;азнадар;3;V-O-N-V-O-V-R;V;R;V-O-S-V-O-V-S;V;S
293;азнатар;3;V-O-N-V-O-V-R;V;R;V-O-S-V-O-V-S;V;S
294;азно;2;V-O-N-V;V;V;V-O-S-V;V;V
295;азот;2;V-O-V-O;V;O;V-O-V-O;V;O
296;азотен;3;V-O-V-O-V-N;V;N;V-O-V-O-V-S;V;S
297;азур;2;V-O-V-R;V;R;V-O-V-S;V;S
298;азурен;3;V-O-V-R-V-N;V;N;V-O-V-S-V-S;V;S
299;аир;2;V-V-R;V;R;V-V-S;V;S
300;аирлија;4;V-V-R-L-V-J-V;V;V;V-V-S-S-V-S-V;V;V
301;аирџија;4;V-V-R-O-V-J-V;V;V;V-V-S-O-V-S-V;V;V
302;ај;1;V-J;V;J;V-S;V;S
303;ајазма;3;V-J-V-O-N-V;V;V;V-S-V-O-S-V;V;V
304;ајат;2;V-J-V-O;V;O;V-S-V-O;V;O
305;ајатолах;4;V-J-V-O-V-L-V-O;V;O;V-S-V-O-V-S-V-O;V;O
306;ајва;2;V-J-O-V;V;V;V-S-O-V;V;V
307;ајван;2;V-J-O-V-N;V;N;V-S-O-V-S;V;S
308;ајвар;2;V-J-O-V-R;V;R;V-S-O-V-S;V;S
309;ајгар;2;V-J-O-V-R;V;R;V-S-O-V-S;V;S
310;ајгарува;4;V-J-O-V-R-V-O-V;V;V;V-S-O-V-S-V-O-V;V;V
311;ајдамак;3;V-J-O-V-N-V-O;V;O;V-S-O-V-S-V-O;V;O
312;ајде;2;V-J-O-V;V;V;V-S-O-V;V;V
313;ајдук;2;V-J-O-V-O;V;O;V-S-O-V-O;V;O
314;ајдуков;3;V-J-O-V-O-V-O;V;O;V-S-O-V-O-V-O;V;O
315;ајдукува;4;V-J-O-V-O-V-O-V;V;V;V-S-O-V-O-V-O-V;V;V
316;ајдут;2;V-J-O-V-O;V;O;V-S-O-V-O;V;O
317;ајдутство;3;V-J-O-V-O-O-O-O-V;V;V;V-S-O-V-O-O-O-O-V;V;V
318;ајдутува;4;V-J-O-V-O-V-O-V;V;V;V-S-O-V-O-V-O-V;V;V
319;ајдучица;4;V-J-O-V-O-V-O-V;V;V;V-S-O-V-O-V-O-V;V;V
320;ајкула;3;V-J-O-V-L-V;V;V;V-S-O-V-S-V;V;V
321;ајлак;2;V-J-L-V-O;V;O;V-S-S-V-O;V;O
322;ајле;2;V-J-L-V;V;V;V-S-S-V;V;V
323;ајљаз;2;V-J-L-V-O;V;O;V-S-S-V-O;V;O
324;ајљази;3;V-J-L-V-O-V;V;V;V-S-S-V-O-V;V;V
325;ајљазлак;3;V-J-L-V-O-L-V-O;V;O;V-S-S-V-O-S-V-O;V;O
326;ајмана;3;V-J-N-V-N-V;V;V;V-S-S-V-S-V;V;V
327;ајнц;1;V-J-N-O;V;J-N-O;V-S-S-O;V;S-S-O
328;ајта;2;V-J-O-V;V;V;V-S-O-V;V;V
329;ак;1;V-O;V;O;V-O;V;O
330;ака;2;V-O-V;V;V;V-O-V;V;V
331;академец;4;V-O-V-O-V-N-V-O;V;O;V-O-V-O-V-S-V-O;V;O
332;академизам;5;V-O-V-O-V-N-V-O-V-N;V;N;V-O-V-O-V-S-V-O-V-S;V;S
333;академија;5;V-O-V-O-V-N-V-J-V;V;V;V-O-V-O-V-S-V-S-V;V;V
334;академик;4;V-O-V-O-V-N-V-O;V;O;V-O-V-O-V-S-V-O;V;O
335;академски;4;V-O-V-O-V-N-O-O-V;V;V;V-O-V-O-V-S-O-O-V;V;V
336;акал;2;V-O-V-L;V;L;V-O-V-S;V;S
337;акален;3;V-O-V-L-V-N;V;N;V-O-V-S-V-S;V;S
338;акалец;3;V-O-V-L-V-O;V;O;V-O-V-S-V-O;V;O
339;акација;4;V-O-V-O-V-J-V;V;V;V-O-V-O-V-S-V;V;V
340;аквадукт;3;V-O-O-V-O-V-O-O;V;O-O;V-O-O-V-O-V-O-O;V;O-O
341;аквакултура;5;V-O-O-V-O-V-L-O-V-R-V;V;V;V-O-O-V-O-V-S-O-V-S-V;V;V
342;аквамарин;4;V-O-O-V-N-V-R-V-N;V;N;V-O-O-V-S-V-S-V-S;V;S
343;акварел;3;V-O-O-V-R-V-L;V;L;V-O-O-V-S-V-S;V;S
344;акварелен;4;V-O-O-V-R-V-L-V-N;V;N;V-O-O-V-S-V-S-V-S;V;S
345;акварелист;4;V-O-O-V-R-V-L-V-O-O;V;O-O;V-O-O-V-S-V-S-V-O-O;V;O-O
346;аквариум;4;V-O-O-V-R-V-V-N;V;N;V-O-O-V-S-V-V-S;V;S
347;акватинта;4;V-O-O-V-O-V-N-O-V;V;V;V-O-O-V-O-V-S-O-V;V;V
348;акведукт;3;V-O-O-V-O-V-O-O;V;O-O;V-O-O-V-O-V-O-O;V;O-O
349;аквизитер;4;V-O-O-V-O-V-O-V-R;V;R;V-O-O-V-O-V-O-V-S;V;S
350;акламација;5;V-O-L-V-N-V-O-V-J-V;V;V;V-O-S-V-S-V-O-V-S-V;V;V
351;акламира;4;V-O-L-V-N-V-R-V;V;V;V-O-S-V-S-V-S-V;V;V
352;аклија;3;V-O-L-V-J-V;V;V;V-O-S-V-S-V;V;V
353;аклиматизација;7;V-O-L-V-N-V-O-V-O-V-O-V-J-V;V;V;V-O-S-V-S-V-O-V-O-V-O-V-S-V;V;V
354;аклиматизира;6;V-O-L-V-N-V-O-V-O-V-R-V;V;V;V-O-S-V-S-V-O-V-O-V-S-V;V;V
355;акмак;2;V-O-N-V-O;V;O;V-O-S-V-O;V;O
356;акна;2;V-O-N-V;V;V;V-O-S-V;V;V
357;акнат;2;V-O-N-V-O;V;O;V-O-S-V-O;V;O
358;акне;2;V-O-N-V;V;V;V-O-S-V;V;V
359;ако;2;V-O-V;V;V;V-O-V;V;V
360;ако;2;V-O-V;V;V;V-O-V;V;V
361;акомодација;6;V-O-V-N-V-O-V-O-V-J-V;V;V;V-O-V-S-V-O-V-O-V-S-V;V;V
362;акомодира;5;V-O-V-N-V-O-V-R-V;V;V;V-O-V-S-V-O-V-S-V;V;V
363;аконтација;5;V-O-V-N-O-V-O-V-J-V;V;V;V-O-V-S-O-V-O-V-S-V;V;V
364;акорд;2;V-O-V-R-O;V;R-O;V-O-V-S-O;V;S-O
365;акордеон;4;V-O-V-R-O-V-V-N;V;N;V-O-V-S-O-V-V-S;V;S
366;акран;2;V-O-R-V-N;V;N;V-O-S-V-S;V;S
367;акредитација;6;V-O-R-V-O-V-O-V-O-V-J-V;V;V;V-O-S-V-O-V-O-V-O-V-S-V;V;V
368;акредитив;4;V-O-R-V-O-V-O-V-O;V;O;V-O-S-V-O-V-O-V-O;V;O
369;акредитира;5;V-O-R-V-O-V-O-V-R-V;V;V;V-O-S-V-O-V-O-V-S-V;V;V
370;акреп;2;V-O-R-V-O;V;O;V-O-S-V-O;V;O
371;акрибија;4;V-O-R-V-O-V-J-V;V;V;V-O-S-V-O-V-S-V;V;V
372;акрил;2;V-O-R-V-L;V;L;V-O-S-V-S;V;S
373;акрилен;3;V-O-R-V-L-V-N;V;N;V-O-S-V-S-V-S;V;S
374;акробат;3;V-O-R-V-O-V-O;V;O;V-O-S-V-O-V-O;V;O
375;акробатика;5;V-O-R-V-O-V-O-V-O-V;V;V;V-O-S-V-O-V-O-V-O-V;V;V
376;акробација;5;V-O-R-V-O-V-O-V-J-V;V;V;V-O-S-V-O-V-O-V-S-V;V;V
377;акроним;3;V-O-R-V-N-V-N;V;N;V-O-S-V-S-V-S;V;S
378;акропол;3;V-O-R-V-O-V-L;V;L;V-O-S-V-O-V-S;V;S
379;акростих;3;V-O-R-V-O-O-V-O;V;O;V-O-S-V-O-O-V-O;V;O
380;аксесоар;4;V-O-O-V-O-V-V-R;V;R;V-O-O-V-O-V-V-S;V;S
381;аксиологија;6;V-O-O-V-V-L-V-O-V-J-V;V;V;V-O-O-V-V-S-V-O-V-S-V;V;V
382;аксиом;3;V-O-O-V-V-N;V;N;V-O-O-V-V-S;V;S
383;аксиома;4;V-O-O-V-V-N-V;V;V;V-O-O-V-V-S-V;V;V
384;аксолотл;4;V-O-O-V-L-V-O-V-L;V;L;V-O-O-V-S-V-O-V-S;V;S
385;акт;1;V-O-O;V;O-O;V-O-O;V;O-O
386;актант;2;V-O-O-V-N-O;V;N-O;V-O-O-V-S-O;V;S-O
387;актер;2;V-O-O-V-R;V;R;V-O-O-V-S;V;S
388;актерство;3;V-O-O-V-R-O-O-O-V;V;V;V-O-O-V-S-O-O-O-V;V;V
389;акти;2;V-O-O-V;V;V;V-O-O-V;V;V
390;актив;2;V-O-O-V-O;V;O;V-O-O-V-O;V;O
391;актива;3;V-O-O-V-O-V;V;V;V-O-O-V-O-V;V;V
392;активен;3;V-O-O-V-O-V-N;V;N;V-O-O-V-O-V-S;V;S
393;активизира;5;V-O-O-V-O-V-O-V-R-V;V;V;V-O-O-V-O-V-O-V-S-V;V;V
394;активира;4;V-O-O-V-O-V-R-V;V;V;V-O-O-V-O-V-S-V;V;V
395;активист;3;V-O-O-V-O-V-O-O;V;O-O;V-O-O-V-O-V-O-O;V;O-O
396;активност;3;V-O-O-V-O-N-V-O-O;V;O-O;V-O-O-V-O-S-V-O-O;V;O-O
397;актинидија;5;V-O-O-V-N-V-O-V-J-V;V;V;V-O-O-V-S-V-O-V-S-V;V;V
398;актовка;3;V-O-O-V-O-O-V;V;V;V-O-O-V-O-O-V;V;V
399;актуализација;7;V-O-O-V-V-L-V-O-V-O-V-J-V;V;V;V-O-O-V-V-S-V-O-V-O-V-S-V;V;V
400;актуализира;6;V-O-O-V-V-L-V-O-V-R-V;V;V;V-O-O-V-V-S-V-O-V-S-V;V;V
401;актуар;3;V-O-O-V-V-R;V;R;V-O-O-V-V-S;V;S
402;актуелен;4;V-O-O-V-V-L-V-N;V;N;V-O-O-V-V-S-V-S;V;S
403;акузатив;4;V-O-V-O-V-O-V-O;V;O;V-O-V-O-V-O-V-O;V;O
404;акумулативен;6;V-O-V-N-V-L-V-O-V-O-V-N;V;N;V-O-V-S-V-S-V-O-V-O-V-S;V;S
405;акумулатор;5;V-O-V-N-V-L-V-O-V-R;V;R;V-O-V-S-V-S-V-O-V-S;V;S
406;акумулаторски;6;V-O-V-N-V-L-V-O-V-R-O-O-V;V;V;V-O-V-S-V-S-V-O-V-S-O-O-V;V;V
407;акумулација;6;V-O-V-N-V-L-V-O-V-J-V;V;V;V-O-V-S-V-S-V-O-V-S-V;V;V
408;акумулира;5;V-O-V-N-V-L-V-R-V;V;V;V-O-V-S-V-S-V-S-V;V;V
409;акупунктура;5;V-O-V-O-V-N-O-O-V-R-V;V;V;V-O-V-O-V-S-O-O-V-S-V;V;V
410;акуратен;4;V-O-V-R-V-O-V-N;V;N;V-O-V-S-V-O-V-S;V;S
411;акустика;4;V-O-V-O-O-V-O-V;V;V;V-O-V-O-O-V-O-V;V;V
412;акустичен;4;V-O-V-O-O-V-O-V-N;V;N;V-O-V-O-O-V-O-V-S;V;S
413;акутен;3;V-O-V-O-V-N;V;N;V-O-V-O-V-S;V;S
414;акушер;3;V-O-V-O-V-R;V;R;V-O-V-O-V-S;V;S
415;акушерски;4;V-O-V-O-V-R-O-O-V;V;V;V-O-V-O-V-S-O-O-V;V;V
416;акушерство;4;V-O-V-O-V-R-O-O-O-V;V;V;V-O-V-O-V-S-O-O-O-V;V;V
417;акушира;4;V-O-V-O-V-R-V;V;V;V-O-V-O-V-S-V;V;V
418;акцелератор;5;V-O-O-V-L-V-R-V-O-V-R;V;R;V-O-O-V-S-V-S-V-O-V-S;V;S
419;акцелерација;6;V-O-O-V-L-V-R-V-O-V-J-V;V;V;V-O-O-V-S-V-S-V-O-V-S-V;V;V
420;акцелерира;5;V-O-O-V-L-V-R-V-R-V;V;V;V-O-O-V-S-V-S-V-S-V;V;V
421;акцент;2;V-O-O-V-N-O;V;N-O;V-O-O-V-S-O;V;S-O
422;акцентен;3;V-O-O-V-N-O-V-N;V;N;V-O-O-V-S-O-V-S;V;S
423;акцентира;4;V-O-O-V-N-O-V-R-V;V;V;V-O-O-V-S-O-V-S-V;V;V
424;акцентираност;5;V-O-O-V-N-O-V-R-V-N-V-O-O;V;O-O;V-O-O-V-S-O-V-S-V-S-V-O-O;V;O-O
425;акцентски;3;V-O-O-V-N-O-O-O-V;V;V;V-O-O-V-S-O-O-O-V;V;V
426;акцентуација;6;V-O-O-V-N-O-V-V-O-V-J-V;V;V;V-O-O-V-S-O-V-V-O-V-S-V;V;V
427;акцепт;2;V-O-O-V-O-O;V;O-O;V-O-O-V-O-O;V;O-O
428;акцептација;5;V-O-O-V-O-O-V-O-V-J-V;V;V;V-O-O-V-O-O-V-O-V-S-V;V;V
429;акцептен;3;V-O-O-V-O-O-V-N;V;N;V-O-O-V-O-O-V-S;V;S
430;акцептира;4;V-O-O-V-O-O-V-R-V;V;V;V-O-O-V-O-O-V-S-V;V;V
431;акциза;3;V-O-O-V-O-V;V;V;V-O-O-V-O-V;V;V
432;акција;3;V-O-O-V-J-V;V;V;V-O-O-V-S-V;V;V
433;акцијаш;3;V-O-O-V-J-V-O;V;O;V-O-O-V-S-V-O;V;O
434;акционер;4;V-O-O-V-V-N-V-R;V;R;V-O-O-V-V-S-V-S;V;S
435;акчиица;4;V-O-O-V-V-O-V;V;V;V-O-O-V-V-O-V;V;V
436;акчија;3;V-O-O-V-J-V;V;V;V-O-O-V-S-V;V;V
437;акчијница;4;V-O-O-V-J-N-V-O-V;V;V;V-O-O-V-S-S-V-O-V;V;V
438;акчилница;4;V-O-O-V-L-N-V-O-V;V;V;V-O-O-V-S-S-V-O-V;V;V
439;акшам;2;V-O-O-V-N;V;N;V-O-O-V-S;V;S
440;ал;1;V-L;V;L;V-S;V;S
441;ал;1;V-L;V;L;V-S;V;S
442;ал;1;V-L;V;L;V-S;V;S
443;ала;2;V-L-V;V;V;V-S-V;V;V
444;ала;2;V-L-V;V;V;V-S-V;V;V
445;алабак;3;V-L-V-O-V-O;V;O;V-S-V-O-V-O;V;O
446;алабастер;4;V-L-V-O-V-O-O-V-R;V;R;V-S-V-O-V-O-O-V-S;V;S
447;алаброс;3;V-L-V-O-R-V-O;V;O;V-S-V-O-S-V-O;V;O
448;Алавит;3;V-L-V-O-V-O;V;O;V-S-V-O-V-O;V;O
449;алајка;3;V-L-V-J-O-V;V;V;V-S-V-S-O-V;V;V
450;алал;2;V-L-V-L;V;L;V-S-V-S;V;S
451;аландарка;4;V-L-V-N-O-V-R-O-V;V;V;V-S-V-S-O-V-S-O-V;V;V
452;алапача;4;V-L-V-O-V-O-V;V;V;V-S-V-O-V-O-V;V;V
453;алапачка;4;V-L-V-O-V-O-O-V;V;V;V-S-V-O-V-O-O-V;V;V
454;аларм;2;V-L-V-R-N;V;R-N;V-S-V-S-S;V;S-S
455;алармантен;4;V-L-V-R-N-V-N-O-V-N;V;N;V-S-V-S-S-V-S-O-V-S;V;S
456;алармен;3;V-L-V-R-N-V-N;V;N;V-S-V-S-S-V-S;V;S
457;алармира;4;V-L-V-R-N-V-R-V;V;V;V-S-V-S-S-V-S-V;V;V
458;алат;2;V-L-V-O;V;O;V-S-V-O;V;O
459;алатка;3;V-L-V-O-O-V;V;V;V-S-V-O-O-V;V;V
460;алатница;4;V-L-V-O-N-V-O-V;V;V;V-S-V-O-S-V-O-V;V;V
461;алатничар;4;V-L-V-O-N-V-O-V-R;V;R;V-S-V-O-S-V-O-V-S;V;S
462;Алах;2;V-L-V-O;V;O;V-S-V-O;V;O
463;алаџа;3;V-L-V-O-V;V;V;V-S-V-O-V;V;V
464;алашвериш;4;V-L-V-O-O-V-R-V-O;V;O;V-S-V-O-O-V-S-V-O;V;O
465;Албанец;3;V-L-O-V-N-V-O;V;O;V-S-O-V-S-V-O;V;O
466;албанизира;5;V-L-O-V-N-V-O-V-R-V;V;V;V-S-O-V-S-V-O-V-S-V;V;V
467;Албанија;4;V-L-O-V-N-V-J-V;V;V;V-S-O-V-S-V-S-V;V;V
468;албанолог;4;V-L-O-V-N-V-L-V-O;V;O;V-S-O-V-S-V-S-V-O;V;O
469;албанологија;6;V-L-O-V-N-V-L-V-O-V-J-V;V;V;V-S-O-V-S-V-S-V-O-V-S-V;V;V
470;албанофобија;6;V-L-O-V-N-V-O-V-O-V-J-V;V;V;V-S-O-V-S-V-O-V-O-V-S-V;V;V
471;албански;3;V-L-O-V-N-O-O-V;V;V;V-S-O-V-S-O-O-V;V;V
472;албанство;3;V-L-O-V-N-O-O-O-V;V;V;V-S-O-V-S-O-O-O-V;V;V
473;албатрос;3;V-L-O-V-O-R-V-O;V;O;V-S-O-V-O-S-V-O;V;O
474;албинизам;4;V-L-O-V-N-V-O-V-N;V;N;V-S-O-V-S-V-O-V-S;V;S
475;албум;2;V-L-O-V-N;V;N;V-S-O-V-S;V;S
476;албумин;3;V-L-O-V-N-V-N;V;N;V-S-O-V-S-V-S;V;S
477;албумински;4;V-L-O-V-N-V-N-O-O-V;V;V;V-S-O-V-S-V-S-O-O-V;V;V
478;алва;2;V-L-O-V;V;V;V-S-O-V;V;V
479;алваџија;4;V-L-O-V-O-V-J-V;V;V;V-S-O-V-O-V-S-V;V;V
480;алвеола;4;V-L-O-V-V-L-V;V;V;V-S-O-V-V-S-V;V;V
481;алга;2;V-L-O-V;V;V;V-S-O-V;V;V
482;алгебра;3;V-L-O-V-O-R-V;V;V;V-S-O-V-O-S-V;V;V
483;алгоритам;4;V-L-O-V-R-V-O-V-N;V;N;V-S-O-V-S-V-O-V-S;V;S
484;але;2;V-L-V;V;V;V-S-V;V;V
485;алегорија;5;V-L-V-O-V-R-V-J-V;V;V;V-S-V-O-V-S-V-S-V;V;V
486;алегоричен;5;V-L-V-O-V-R-V-O-V-N;V;N;V-S-V-O-V-S-V-O-V-S;V;S
487;алегро;3;V-L-V-O-R-V;V;V;V-S-V-O-S-V;V;V
488;алеја;3;V-L-V-J-V;V;V;V-S-V-S-V;V;V
489;ален;2;V-L-V-N;V;N;V-S-V-S;V;S
490;Алеп;2;V-L-V-O;V;O;V-S-V-O;V;O
491;алерген;3;V-L-V-R-O-V-N;V;N;V-S-V-S-O-V-S;V;S
492;алергија;4;V-L-V-R-O-V-J-V;V;V;V-S-V-S-O-V-S-V;V;V
493;алергичар;4;V-L-V-R-O-V-O-V-R;V;R;V-S-V-S-O-V-O-V-S;V;S
494;алергичен;4;V-L-V-R-O-V-O-V-N;V;N;V-S-V-S-O-V-O-V-S;V;S
495;алест;2;V-L-V-O-O;V;O-O;V-S-V-O-O;V;O-O
496;Алжир;2;V-L-O-V-R;V;R;V-S-O-V-S;V;S
497;алиас;3;V-L-V-V-O;V;O;V-S-V-V-O;V;O
498;алиби;3;V-L-V-O-V;V;V;V-S-V-O-V;V;V
499;алигатор;4;V-L-V-O-V-O-V-R;V;R;V-S-V-O-V-O-V-S;V;S
500;алиенација;6;V-L-V-V-N-V-O-V-J-V;V;V;V-S-V-V-S-V-O-V-S-V;V;V
501;алијанса;4;V-L-V-J-V-N-O-V;V;V;V-S-V-S-V-S-O-V;V;V
502;алиментација;6;V-L-V-N-V-N-O-V-O-V-J-V;V;V;V-S-V-S-V-S-O-V-O-V-S-V;V;V
503;алиментира;5;V-L-V-N-V-N-O-V-R-V;V;V;V-S-V-S-V-S-O-V-S-V;V;V
504;алинеја;4;V-L-V-N-V-J-V;V;V;V-S-V-S-V-S-V;V;V
505;алипен;3;V-L-V-O-V-N;V;N;V-S-V-O-V-S;V;S
506;алитерација;6;V-L-V-O-V-R-V-O-V-J-V;V;V;V-S-V-O-V-S-V-O-V-S-V;V;V
507;алишта;3;V-L-V-O-O-V;V;V;V-S-V-O-O-V;V;V
508;алиште;3;V-L-V-O-O-V;V;V;V-S-V-O-O-V;V;V
509;Алјаска;3;V-L-J-V-O-O-V;V;V;V-S-S-V-O-O-V;V;V
510;алка;2;V-L-O-V;V;V;V-S-O-V;V;V
511;алкален;3;V-L-O-V-L-V-N;V;N;V-S-O-V-S-V-S;V;S
512;алкалии;4;V-L-O-V-L-V-V;V;V;V-S-O-V-S-V-V;V;V
513;алкалоид;4;V-L-O-V-L-V-V-O;V;O;V-S-O-V-S-V-V-O;V;O
514;алкотест;3;V-L-O-V-O-V-O-O;V;O-O;V-S-O-V-O-V-O-O;V;O-O
515;алкохол;3;V-L-O-V-O-V-L;V;L;V-S-O-V-O-V-S;V;S
516;алкохолен;4;V-L-O-V-O-V-L-V-N;V;N;V-S-O-V-O-V-S-V-S;V;S
517;алкохолизам;5;V-L-O-V-O-V-L-V-O-V-N;V;N;V-S-O-V-O-V-S-V-O-V-S;V;S
518;алкохолизира;6;V-L-O-V-O-V-L-V-O-V-R-V;V;V;V-S-O-V-O-V-S-V-O-V-S-V;V;V
519;алкохоличар;5;V-L-O-V-O-V-L-V-O-V-R;V;R;V-S-O-V-O-V-S-V-O-V-S;V;S
520;алмаз;2;V-L-N-V-O;V;O;V-S-S-V-O;V;O
521;алманах;3;V-L-N-V-N-V-O;V;O;V-S-S-V-S-V-O;V;O
522;алов;2;V-L-V-O;V;O;V-S-V-O;V;O
523;аловина;4;V-L-V-O-V-N-V;V;V;V-S-V-O-V-S-V;V;V
524;алогичен;4;V-L-V-O-V-O-V-N;V;N;V-S-V-O-V-O-V-S;V;S
525;алокација;5;V-L-V-O-V-O-V-J-V;V;V;V-S-V-O-V-O-V-S-V;V;V
526;Алпи;2;V-L-O-V;V;V;V-S-O-V;V;V
527;алпинец;3;V-L-O-V-N-V-O;V;O;V-S-O-V-S-V-O;V;O
528;алпинизам;4;V-L-O-V-N-V-O-V-N;V;N;V-S-O-V-S-V-O-V-S;V;S
529;алпинист;3;V-L-O-V-N-V-O-O;V;O-O;V-S-O-V-S-V-O-O;V;O-O
530;алпинистика;5;V-L-O-V-N-V-O-O-V-O-V;V;V;V-S-O-V-S-V-O-O-V-O-V;V;V
531;алпски;2;V-L-O-O-O-V;V;V;V-S-O-O-O-V;V;V
532;алт;1;V-L-O;V;L-O;V-S-O;V;S-O
533;алтан;2;V-L-O-V-N;V;N;V-S-O-V-S;V;S
534;алтанлија;4;V-L-O-V-N-L-V-J-V;V;V;V-S-O-V-S-S-V-S-V;V;V
535;алтернатива;5;V-L-O-V-R-N-V-O-V-O-V;V;V;V-S-O-V-S-S-V-O-V-O-V;V;V
536;алтернативен;5;V-L-O-V-R-N-V-O-V-O-V-N;V;N;V-S-O-V-S-S-V-O-V-O-V-S;V;S
537;алтернатор;4;V-L-O-V-R-N-V-O-V-R;V;R;V-S-O-V-S-S-V-O-V-S;V;S
538;алтернација;5;V-L-O-V-R-N-V-O-V-J-V;V;V;V-S-O-V-S-S-V-O-V-S-V;V;V
539;алтернира;4;V-L-O-V-R-N-V-R-V;V;V;V-S-O-V-S-S-V-S-V;V;V
540;алтипатлак;4;V-L-O-V-O-V-O-L-V-O;V;O;V-S-O-V-O-V-O-S-V-O;V;O
541;алтитуда;4;V-L-O-V-O-V-O-V;V;V;V-S-O-V-O-V-O-V;V;V
542;алтица;3;V-L-O-V-O-V;V;V;V-S-O-V-O-V;V;V
543;алтруизам;4;V-L-O-R-V-V-O-V-N;V;N;V-S-O-S-V-V-O-V-S;V;S
544;алтруист;3;V-L-O-R-V-V-O-O;V;O-O;V-S-O-S-V-V-O-O;V;O-O
545;алувиум;4;V-L-V-O-V-V-N;V;N;V-S-V-O-V-V-S;V;S
546;алудира;4;V-L-V-O-V-R-V;V;V;V-S-V-O-V-S-V;V;V
547;алузија;4;V-L-V-O-V-J-V;V;V;V-S-V-O-V-S-V;V;V
548;алуминиум;5;V-L-V-N-V-N-V-V-N;V;N;V-S-V-S-V-S-V-V-S;V;S
549;алумнус;3;V-L-V-N-N-V-O;V;O;V-S-V-S-S-V-O;V;O
550;алунира;4;V-L-V-N-V-R-V;V;V;V-S-V-S-V-S-V;V;V
551;алфа;2;V-L-O-V;V;V;V-S-O-V;V;V
552;алфабет;3;V-L-O-V-O-V-O;V;O;V-S-O-V-O-V-O;V;O
553;алфанумеричен;6;V-L-O-V-N-V-N-V-R-V-O-V-N;V;N;V-S-O-V-S-V-S-V-S-V-O-V-S;V;S
554;алхемија;4;V-L-O-V-N-V-J-V;V;V;V-S-O-V-S-V-S-V;V;V
555;алхемичар;4;V-L-O-V-N-V-O-V-R;V;R;V-S-O-V-S-V-O-V-S;V;S
556;Алцхајмер;3;V-L-O-O-V-J-N-V-R;V;R;V-S-O-O-V-S-S-V-S;V;S
557;алчак;2;V-L-O-V-O;V;O;V-S-O-V-O;V;O
558;алче;2;V-L-O-V;V;V;V-S-O-V;V;V
559;алчен;2;V-L-O-V-N;V;N;V-S-O-V-S;V;S
560;алчност;2;V-L-O-N-V-O-O;V;O-O;V-S-O-S-V-O-O;V;O-O
561;ам;1;V-N;V;N;V-S;V;S
562;ама;2;V-N-V;V;V;V-S-V;V;V
563;ама;2;V-N-V;V;V;V-S-V;V;V
564;амазонка;4;V-N-V-O-V-N-O-V;V;V;V-S-V-O-V-S-O-V;V;V
565;амајлија;4;V-N-V-J-L-V-J-V;V;V;V-S-V-S-S-V-S-V;V;V
566;амал;2;V-N-V-L;V;L;V-S-V-S;V;S
567;амалгам;3;V-N-V-L-O-V-N;V;N;V-S-V-S-O-V-S;V;S
568;амалгамира;5;V-N-V-L-O-V-N-V-R-V;V;V;V-S-V-S-O-V-S-V-S-V;V;V
569;амалски;3;V-N-V-L-O-O-V;V;V;V-S-V-S-O-O-V;V;V
570;амалува;4;V-N-V-L-V-O-V;V;V;V-S-V-S-V-O-V;V;V
571;амам;2;V-N-V-N;V;N;V-S-V-S;V;S
572;амамлак;3;V-N-V-N-L-V-O;V;O;V-S-V-S-S-V-O;V;O
573;амамџија;4;V-N-V-N-O-V-J-V;V;V;V-S-V-S-O-V-S-V;V;V
574;амамџица;4;V-N-V-N-O-V-O-V;V;V;V-S-V-S-O-V-O-V;V;V
575;амандман;3;V-N-V-N-O-N-V-N;V;N;V-S-V-S-O-S-V-S;V;S
576;аманет;3;V-N-V-N-V-O;V;O;V-S-V-S-V-O;V;O
577;амарела;4;V-N-V-R-V-L-V;V;V;V-S-V-S-V-S-V;V;V
578;амарилис;4;V-N-V-R-V-L-V-O;V;O;V-S-V-S-V-S-V-O;V;O
579;аматер;3;V-N-V-O-V-R;V;R;V-S-V-O-V-S;V;S
580;аматеризам;5;V-N-V-O-V-R-V-O-V-N;V;N;V-S-V-O-V-S-V-O-V-S;V;S
581;амбалажа;4;V-N-O-V-L-V-O-V;V;V;V-S-O-V-S-V-O-V;V;V
582;амбалажен;4;V-N-O-V-L-V-O-V-N;V;N;V-S-O-V-S-V-O-V-S;V;S
583;амбар;2;V-N-O-V-R;V;R;V-S-O-V-S;V;S
584;амбасада;4;V-N-O-V-O-V-O-V;V;V;V-S-O-V-O-V-O-V;V;V
585;амбасадор;4;V-N-O-V-O-V-O-V-R;V;R;V-S-O-V-O-V-O-V-S;V;S
586;амбасадорка;5;V-N-O-V-O-V-O-V-R-O-V;V;V;V-S-O-V-O-V-O-V-S-O-V;V;V
587;амбер;2;V-N-O-V-R;V;R;V-S-O-V-S;V;S
588;амберија;4;V-N-O-V-R-V-J-V;V;V;V-S-O-V-S-V-S-V;V;V
589;амбивалентен;5;V-N-O-V-O-V-L-V-N-O-V-N;V;N;V-S-O-V-O-V-S-V-S-O-V-S;V;S
590;амбиент;3;V-N-O-V-V-N-O;V;N-O;V-S-O-V-V-S-O;V;S-O
591;амбиентален;5;V-N-O-V-V-N-O-V-L-V-N;V;N;V-S-O-V-V-S-O-V-S-V-S;V;S
592;амбис;2;V-N-O-V-O;V;O;V-S-O-V-O;V;O
593;амбиција;4;V-N-O-V-O-V-J-V;V;V;V-S-O-V-O-V-S-V;V;V
594;амбициозен;5;V-N-O-V-O-V-V-O-V-N;V;N;V-S-O-V-O-V-V-O-V-S;V;S
595;амбицира;4;V-N-O-V-O-V-R-V;V;V;V-S-O-V-O-V-S-V;V;V
596;амблем;2;V-N-O-L-V-N;V;N;V-S-O-S-V-S;V;S
597;амблемен;3;V-N-O-L-V-N-V-N;V;N;V-S-O-S-V-S-V-S;V;S
598;амброзија;4;V-N-O-R-V-O-V-J-V;V;V;V-S-O-S-V-O-V-S-V;V;V
599;амброзиски;4;V-N-O-R-V-O-V-O-O-V;V;V;V-S-O-S-V-O-V-O-O-V;V;V
600;амбуланта;4;V-N-O-V-L-V-N-O-V;V;V;V-S-O-V-S-V-S-O-V;V;V
601;амбулантен;4;V-N-O-V-L-V-N-O-V-N;V;N;V-S-O-V-S-V-S-O-V-S;V;S
602;амвон;2;V-N-O-V-N;V;N;V-S-O-V-S;V;S
603;амеба;3;V-N-V-O-V;V;V;V-S-V-O-V;V;V
604;Америка;4;V-N-V-R-V-O-V;V;V;V-S-V-S-V-O-V;V;V
605;американ;4;V-N-V-R-V-O-V-N;V;N;V-S-V-S-V-O-V-S;V;S
606;американизам;6;V-N-V-R-V-O-V-N-V-O-V-N;V;N;V-S-V-S-V-O-V-S-V-O-V-S;V;S
607;американизација;8;V-N-V-R-V-O-V-N-V-O-V-O-V-J-V;V;V;V-S-V-S-V-O-V-S-V-O-V-O-V-S-V;V;V
608;американизира;7;V-N-V-R-V-O-V-N-V-O-V-R-V;V;V;V-S-V-S-V-O-V-S-V-O-V-S-V;V;V
609;американски;5;V-N-V-R-V-O-V-N-O-O-V;V;V;V-S-V-S-V-O-V-S-O-O-V;V;V
610;аметист;3;V-N-V-O-V-O-O;V;O-O;V-S-V-O-V-O-O;V;O-O
611;ами;2;V-N-V;V;V;V-S-V;V;V
612;ами;2;V-N-V;V;V;V-S-V;V;V
613;аминокиселина;7;V-N-V-N-V-O-V-O-V-L-V-N-V;V;V;V-S-V-S-V-O-V-O-V-S-V-S-V;V;V
614;аминува;4;V-N-V-N-V-O-V;V;V;V-S-V-S-V-O-V;V;V
615;аминџија;4;V-N-V-N-O-V-J-V;V;V;V-S-V-S-O-V-S-V;V;V
616;амка;2;V-N-O-V;V;V;V-S-O-V;V;V
617;амнезија;4;V-N-N-V-O-V-J-V;V;V;V-S-S-V-O-V-S-V;V;V
618;амнестија;4;V-N-N-V-O-O-V-J-V;V;V;V-S-S-V-O-O-V-S-V;V;V
619;амнестира;4;V-N-N-V-O-O-V-R-V;V;V;V-S-S-V-O-O-V-S-V;V;V
620;амонијак;4;V-N-V-N-V-J-V-O;V;O;V-S-V-S-V-S-V-O;V;O
621;аморален;4;V-N-V-R-V-L-V-N;V;N;V-S-V-S-V-S-V-S;V;S
622;амортизација;6;V-N-V-R-O-V-O-V-O-V-J-V;V;V;V-S-V-S-O-V-O-V-O-V-S-V;V;V
623;амортизер;4;V-N-V-R-O-V-O-V-R;V;R;V-S-V-S-O-V-O-V-S;V;S
624;амортизира;5;V-N-V-R-O-V-O-V-R-V;V;V;V-S-V-S-O-V-O-V-S-V;V;V
625;аморфен;3;V-N-V-R-O-V-N;V;N;V-S-V-S-O-V-S;V;S
626;ампер;2;V-N-O-V-R;V;R;V-S-O-V-S;V;S
627;ампеража;4;V-N-O-V-R-V-O-V;V;V;V-S-O-V-S-V-O-V;V;V
628;амперметар;4;V-N-O-V-R-N-V-O-V-R;V;R;V-S-O-V-S-S-V-O-V-S;V;S
629;амплитуда;4;V-N-O-L-V-O-V-O-V;V;V;V-S-O-S-V-O-V-O-V;V;V
630;амплитуден;4;V-N-O-L-V-O-V-O-V-N;V;N;V-S-O-S-V-O-V-O-V-S;V;S
631;амплификација;6;V-N-O-L-V-O-V-O-V-O-V-J-V;V;V;V-S-O-S-V-O-V-O-V-O-V-S-V;V;V
632;ампула;3;V-N-O-V-L-V;V;V;V-S-O-V-S-V;V;V
633;ампутација;5;V-N-O-V-O-V-O-V-J-V;V;V;V-S-O-V-O-V-O-V-S-V;V;V
634;ампутира;4;V-N-O-V-O-V-R-V;V;V;V-S-O-V-O-V-S-V;V;V
635;ампутиран;4;V-N-O-V-O-V-R-V-N;V;N;V-S-O-V-O-V-S-V-S;V;S
636;амут;2;V-N-V-O;V;O;V-S-V-O;V;O
637;амфетамин;4;V-N-O-V-O-V-N-V-N;V;N;V-S-O-V-O-V-S-V-S;V;S
638;амфибија;4;V-N-O-V-O-V-J-V;V;V;V-S-O-V-O-V-S-V;V;V
639;амфитеатар;5;V-N-O-V-O-V-V-O-V-R;V;R;V-S-O-V-O-V-V-O-V-S;V;S
640;амфитеатрален;6;V-N-O-V-O-V-V-O-R-V-L-V-N;V;N;V-S-O-V-O-V-V-O-S-V-S-V-S;V;S
641;амфора;3;V-N-O-V-R-V;V;V;V-S-O-V-S-V;V;V
642;амфотеричен;5;V-N-O-V-O-V-R-V-O-V-N;V;N;V-S-O-V-O-V-S-V-O-V-S;V;S
643;ан;1;V-N;V;N;V-S;V;S
644;анабаптизам;5;V-N-V-O-V-O-O-V-O-V-N;V;N;V-S-V-O-V-O-O-V-O-V-S;V;S
645;анабаптист;4;V-N-V-O-V-O-O-V-O-O;V;O-O;V-S-V-O-V-O-O-V-O-O;V;O-O
646;анаболик;4;V-N-V-O-V-L-V-O;V;O;V-S-V-O-V-S-V-O;V;O
647;анаболичен;5;V-N-V-O-V-L-V-O-V-N;V;N;V-S-V-O-V-S-V-O-V-S;V;S
648;анаграм;3;V-N-V-O-R-V-N;V;N;V-S-V-O-S-V-S;V;S
649;Анадолија;5;V-N-V-O-V-L-V-J-V;V;V;V-S-V-O-V-S-V-S-V;V;V
650;анадолски;4;V-N-V-O-V-L-O-O-V;V;V;V-S-V-O-V-S-O-O-V;V;V
651;анаконда;4;V-N-V-O-V-N-O-V;V;V;V-S-V-O-V-S-O-V;V;V
652;аналгезија;5;V-N-V-L-O-V-O-V-J-V;V;V;V-S-V-S-O-V-O-V-S-V;V;V
653;аналгетик;4;V-N-V-L-O-V-O-V-O;V;O;V-S-V-S-O-V-O-V-O;V;O
654;анален;3;V-N-V-L-V-N;V;N;V-S-V-S-V-S;V;S
655;анали;3;V-N-V-L-V;V;V;V-S-V-S-V;V;V
656;анализа;4;V-N-V-L-V-O-V;V;V;V-S-V-S-V-O-V;V;V
657;анализатор;5;V-N-V-L-V-O-V-O-V-R;V;R;V-S-V-S-V-O-V-O-V-S;V;S
658;анализира;5;V-N-V-L-V-O-V-R-V;V;V;V-S-V-S-V-O-V-S-V;V;V
659;аналитика;5;V-N-V-L-V-O-V-O-V;V;V;V-S-V-S-V-O-V-O-V;V;V
660;аналитичар;5;V-N-V-L-V-O-V-O-V-R;V;R;V-S-V-S-V-O-V-O-V-S;V;S
661;аналитичен;5;V-N-V-L-V-O-V-O-V-N;V;N;V-S-V-S-V-O-V-O-V-S;V;S
662;аналитички;5;V-N-V-L-V-O-V-O-O-V;V;V;V-S-V-S-V-O-V-O-O-V;V;V
663;аналоген;4;V-N-V-L-V-O-V-N;V;N;V-S-V-S-V-O-V-S;V;S
664;аналогизам;5;V-N-V-L-V-O-V-O-V-N;V;N;V-S-V-S-V-O-V-O-V-S;V;S
665;аналогија;5;V-N-V-L-V-O-V-J-V;V;V;V-S-V-S-V-O-V-S-V;V;V
666;аналој;3;V-N-V-L-V-J;V;J;V-S-V-S-V-S;V;S
667;аналфабет;4;V-N-V-L-O-V-O-V-O;V;O;V-S-V-S-O-V-O-V-O;V;O
668;аналфабетизам;6;V-N-V-L-O-V-O-V-O-V-O-V-N;V;N;V-S-V-S-O-V-O-V-O-V-O-V-S;V;S
669;анама;3;V-N-V-N-V;V;V;V-S-V-S-V;V;V
670;анамка;3;V-N-V-N-O-V;V;V;V-S-V-S-O-V;V;V
671;анамнеза;4;V-N-V-N-N-V-O-V;V;V;V-S-V-S-S-V-O-V;V;V
672;ананас;3;V-N-V-N-V-O;V;O;V-S-V-S-V-O;V;O
673;анархизам;4;V-N-V-R-O-V-O-V-N;V;N;V-S-V-S-O-V-O-V-S;V;S
674;анархија;4;V-N-V-R-O-V-J-V;V;V;V-S-V-S-O-V-S-V;V;V
675;анархист;3;V-N-V-R-O-V-O-O;V;O-O;V-S-V-S-O-V-O-O;V;O-O
676;анархистичен;5;V-N-V-R-O-V-O-O-V-O-V-N;V;N;V-S-V-S-O-V-O-O-V-O-V-S;V;S
677;анархичен;4;V-N-V-R-O-V-O-V-N;V;N;V-S-V-S-O-V-O-V-S;V;S
678;анархо;3;V-N-V-R-O-V;V;V;V-S-V-S-O-V;V;V
679;анасон;3;V-N-V-O-V-N;V;N;V-S-V-O-V-S;V;S
680;анасонка;4;V-N-V-O-V-N-O-V;V;V;V-S-V-O-V-S-O-V;V;V
681;анасонов;4;V-N-V-O-V-N-V-O;V;O;V-S-V-O-V-S-V-O;V;O
682;анатема;4;V-N-V-O-V-N-V;V;V;V-S-V-O-V-S-V;V;V
683;анатемиса;5;V-N-V-O-V-N-V-O-V;V;V;V-S-V-O-V-S-V-O-V;V;V
684;анатемник;4;V-N-V-O-V-N-N-V-O;V;O;V-S-V-O-V-S-S-V-O;V;O
685;анатемоса;5;V-N-V-O-V-N-V-O-V;V;V;V-S-V-O-V-S-V-O-V;V;V
686;анатом;3;V-N-V-O-V-N;V;N;V-S-V-O-V-S;V;S
687;анатомија;5;V-N-V-O-V-N-V-J-V;V;V;V-S-V-O-V-S-V-S-V;V;V
688;анафора;4;V-N-V-O-V-R-V;V;V;V-S-V-O-V-S-V;V;V
689;анахрон;3;V-N-V-O-R-V-N;V;N;V-S-V-O-S-V-S;V;S
690;анахронизам;5;V-N-V-O-R-V-N-V-O-V-N;V;N;V-S-V-O-S-V-S-V-O-V-S;V;S
691;анационален;6;V-N-V-O-V-V-N-V-L-V-N;V;N;V-S-V-O-V-V-S-V-S-V-S;V;S
692;ангажира;4;V-N-O-V-O-V-R-V;V;V;V-S-O-V-O-V-S-V;V;V
693;ангажман;3;V-N-O-V-O-N-V-N;V;N;V-S-O-V-O-S-V-S;V;S
694;ангарија;4;V-N-O-V-R-V-J-V;V;V;V-S-O-V-S-V-S-V;V;V
695;ангел;2;V-N-O-V-L;V;L;V-S-O-V-S;V;S
696;ангелосан;4;V-N-O-V-L-V-O-V-N;V;N;V-S-O-V-S-V-O-V-S;V;S
697;ангелски;3;V-N-O-V-L-O-O-V;V;V;V-S-O-V-S-O-O-V;V;V
698;ангина;3;V-N-O-V-N-V;V;V;V-S-O-V-S-V;V;V
699;англизам;3;V-N-O-L-V-O-V-N;V;N;V-S-O-S-V-O-V-S;V;S
700;Англија;3;V-N-O-L-V-J-V;V;V;V-S-O-S-V-S-V;V;V
701;англиканец;4;V-N-O-L-V-O-V-N-V-O;V;O;V-S-O-S-V-O-V-S-V-O;V;O
702;англиски;3;V-N-O-L-V-O-O-V;V;V;V-S-O-S-V-O-O-V;V;V
703;англист;2;V-N-O-L-V-O-O;V;O-O;V-S-O-S-V-O-O;V;O-O
704;англистика;4;V-N-O-L-V-O-O-V-O-V;V;V;V-S-O-S-V-O-O-V-O-V;V;V
705;Англосаксонец;5;V-N-O-L-V-O-V-O-O-V-N-V-O;V;O;V-S-O-S-V-O-V-O-O-V-S-V-O;V;O
706;англофил;3;V-N-O-L-V-O-V-L;V;L;V-S-O-S-V-O-V-S;V;S
707;англофилство;4;V-N-O-L-V-O-V-L-O-O-O-V;V;V;V-S-O-S-V-O-V-S-O-O-O-V;V;V
708;англофоб;3;V-N-O-L-V-O-V-O;V;O;V-S-O-S-V-O-V-O;V;O
709;Ангола;3;V-N-O-V-L-V;V;V;V-S-O-V-S-V;V;V
710;ангора;3;V-N-O-V-R-V;V;V;V-S-O-V-S-V;V;V
711;ангорка;3;V-N-O-V-R-O-V;V;V;V-S-O-V-S-O-V;V;V
712;ангро;2;V-N-O-R-V;V;V;V-S-O-S-V;V;V
713;андарт;2;V-N-O-V-R-O;V;R-O;V-S-O-V-S-O;V;S-O
714;андерграунд;4;V-N-O-V-R-O-R-V-V-N-O;V;N-O;V-S-O-V-S-O-S-V-V-S-O;V;S-O
715;андроген;3;V-N-O-R-V-O-V-N;V;N;V-S-O-S-V-O-V-S;V;S
716;андроид;3;V-N-O-R-V-V-O;V;O;V-S-O-S-V-V-O;V;O
717;анегдота;4;V-N-V-O-O-V-O-V;V;V;V-S-V-O-O-V-O-V;V;V
718;анегдотичен;5;V-N-V-O-O-V-O-V-O-V-N;V;N;V-S-V-O-O-V-O-V-O-V-S;V;S
719;анекс;2;V-N-V-O-O;V;O-O;V-S-V-O-O;V;O-O
720;анексија;4;V-N-V-O-O-V-J-V;V;V;V-S-V-O-O-V-S-V;V;V
721;анектира;4;V-N-V-O-O-V-R-V;V;V;V-S-V-O-O-V-S-V;V;V
722;анемија;4;V-N-V-N-V-J-V;V;V;V-S-V-S-V-S-V;V;V
723;анемичен;4;V-N-V-N-V-O-V-N;V;N;V-S-V-S-V-O-V-S;V;S
724;анемометар;5;V-N-V-N-V-N-V-O-V-R;V;R;V-S-V-S-V-S-V-O-V-S;V;S
725;анемона;4;V-N-V-N-V-N-V;V;V;V-S-V-S-V-S-V;V;V
726;анестезија;5;V-N-V-O-O-V-O-V-J-V;V;V;V-S-V-O-O-V-O-V-S-V;V;V
727;анестезиолог;6;V-N-V-O-O-V-O-V-V-L-V-O;V;O;V-S-V-O-O-V-O-V-V-S-V-O;V;O
728;анестезиологија;8;V-N-V-O-O-V-O-V-V-L-V-O-V-J-V;V;V;V-S-V-O-O-V-O-V-V-S-V-O-V-S-V;V;V
729;анестезира;5;V-N-V-O-O-V-O-V-R-V;V;V;V-S-V-O-O-V-O-V-S-V;V;V
730;анестетик;4;V-N-V-O-O-V-O-V-O;V;O;V-S-V-O-O-V-O-V-O;V;O
731;анестетика;5;V-N-V-O-O-V-O-V-O-V;V;V;V-S-V-O-O-V-O-V-O-V;V;V
732;анестетичар;5;V-N-V-O-O-V-O-V-O-V-R;V;R;V-S-V-O-O-V-O-V-O-V-S;V;S
733;анилин;3;V-N-V-L-V-N;V;N;V-S-V-S-V-S;V;S
734;анимален;4;V-N-V-N-V-L-V-N;V;N;V-S-V-S-V-S-V-S;V;S
735;анималист;4;V-N-V-N-V-L-V-O-O;V;O-O;V-S-V-S-V-S-V-O-O;V;O-O
736;анималистички;6;V-N-V-N-V-L-V-O-O-V-O-O-V;V;V;V-S-V-S-V-S-V-O-O-V-O-O-V;V;V
737;аниматор;4;V-N-V-N-V-O-V-R;V;R;V-S-V-S-V-O-V-S;V;S
738;анимација;5;V-N-V-N-V-O-V-J-V;V;V;V-S-V-S-V-O-V-S-V;V;V
739;анимизам;4;V-N-V-N-V-O-V-N;V;N;V-S-V-S-V-O-V-S;V;S
740;анимира;4;V-N-V-N-V-R-V;V;V;V-S-V-S-V-S-V;V;V
741;анимиран;4;V-N-V-N-V-R-V-N;V;N;V-S-V-S-V-S-V-S;V;S
742;анимозен;4;V-N-V-N-V-O-V-N;V;N;V-S-V-S-V-O-V-S;V;S
743;анимозитет;5;V-N-V-N-V-O-V-O-V-O;V;O;V-S-V-S-V-O-V-O-V-O;V;O
744;анис;2;V-N-V-O;V;O;V-S-V-O;V;O
745;анјон;2;V-N-J-V-N;V;N;V-S-S-V-S;V;S
746;Анкара;3;V-N-O-V-R-V;V;V;V-S-O-V-S-V;V;V
747;анкета;3;V-N-O-V-O-V;V;V;V-S-O-V-O-V;V;V
748;анкетар;3;V-N-O-V-O-V-R;V;R;V-S-O-V-O-V-S;V;S
749;анкетен;3;V-N-O-V-O-V-N;V;N;V-S-O-V-O-V-S;V;S
750;анкетира;4;V-N-O-V-O-V-R-V;V;V;V-S-O-V-O-V-S-V;V;V
751;анласер;3;V-N-L-V-O-V-R;V;R;V-S-S-V-O-V-S;V;S
752;анода;3;V-N-V-O-V;V;V;V-S-V-O-V;V;V
753;аноден;3;V-N-V-O-V-N;V;N;V-S-V-O-V-S;V;S
754;анодин;3;V-N-V-O-V-N;V;N;V-S-V-O-V-S;V;S
755;аномален;4;V-N-V-N-V-L-V-N;V;N;V-S-V-S-V-S-V-S;V;S
756;аномалија;5;V-N-V-N-V-L-V-J-V;V;V;V-S-V-S-V-S-V-S-V;V;V
757;анонимен;4;V-N-V-N-V-N-V-N;V;N;V-S-V-S-V-S-V-S;V;S
758;анонимизира;6;V-N-V-N-V-N-V-O-V-R-V;V;V;V-S-V-S-V-S-V-O-V-S-V;V;V
759;анонимка;4;V-N-V-N-V-N-O-V;V;V;V-S-V-S-V-S-O-V;V;V
760;анонимус;4;V-N-V-N-V-N-V-O;V;O;V-S-V-S-V-S-V-O;V;O
761;аноргански;4;V-N-V-R-O-V-N-O-O-V;V;V;V-S-V-S-O-V-S-O-O-V;V;V
762;анорексија;5;V-N-V-R-V-O-O-V-J-V;V;V;V-S-V-S-V-O-O-V-S-V;V;V
763;анормален;4;V-N-V-R-N-V-L-V-N;V;N;V-S-V-S-S-V-S-V-S;V;S
764;анотација;5;V-N-V-O-V-O-V-J-V;V;V;V-S-V-O-V-O-V-S-V;V;V
765;анотира;4;V-N-V-O-V-R-V;V;V;V-S-V-O-V-S-V;V;V
766;анпасан;3;V-N-O-V-O-V-N;V;N;V-S-O-V-O-V-S;V;S
767;ансамбл;3;V-N-O-V-N-O-V-L;V;L;V-S-O-V-S-O-V-S;V;S
768;антагонизам;5;V-N-O-V-O-V-N-V-O-V-N;V;N;V-S-O-V-O-V-S-V-O-V-S;V;S
769;антагонизира;6;V-N-O-V-O-V-N-V-O-V-R-V;V;V;V-S-O-V-O-V-S-V-O-V-S-V;V;V
770;антагонист;4;V-N-O-V-O-V-N-V-O-O;V;O-O;V-S-O-V-O-V-S-V-O-O;V;O-O
771;антагонистички;6;V-N-O-V-O-V-N-V-O-O-V-O-O-V;V;V;V-S-O-V-O-V-S-V-O-O-V-O-O-V;V;V
772;антанта;3;V-N-O-V-N-O-V;V;V;V-S-O-V-S-O-V;V;V
773;Антарктик;3;V-N-O-V-R-O-O-V-O;V;O;V-S-O-V-S-O-O-V-O;V;O
774;антена;3;V-N-O-V-N-V;V;V;V-S-O-V-S-V;V;V
775;антерија;4;V-N-O-V-R-V-J-V;V;V;V-S-O-V-S-V-S-V;V;V
776;анти;2;V-N-O-V;V;V;V-S-O-V;V;V
777;антиалергичен;6;V-N-O-V-V-L-V-R-O-V-O-V-N;V;N;V-S-O-V-V-S-V-S-O-V-O-V-S;V;S
778;антиалкохолизам;7;V-N-O-V-V-L-O-V-O-V-L-V-O-V-N;V;N;V-S-O-V-V-S-O-V-O-V-S-V-O-V-S;V;S
779;антиалкохоличар;7;V-N-O-V-V-L-O-V-O-V-L-V-O-V-R;V;R;V-S-O-V-V-S-O-V-O-V-S-V-O-V-S;V;S
780;антиамерикански;7;V-N-O-V-V-N-V-R-V-O-V-N-O-O-V;V;V;V-S-O-V-V-S-V-S-V-O-V-S-O-O-V;V;V
781;антибактериски;6;V-N-O-V-O-V-O-O-V-R-V-O-O-V;V;V;V-S-O-V-O-V-O-O-V-S-V-O-O-V;V;V
782;антибиотик;5;V-N-O-V-O-V-V-O-V-O;V;O;V-S-O-V-O-V-V-O-V-O;V;O
783;антивладин;4;V-N-O-V-O-L-V-O-V-N;V;N;V-S-O-V-O-S-V-O-V-S;V;S
784;антидатира;5;V-N-O-V-O-V-O-V-R-V;V;V;V-S-O-V-O-V-O-V-S-V;V;V
785;антидемократски;6;V-N-O-V-O-V-N-V-O-R-V-O-O-O-V;V;V;V-S-O-V-O-V-S-V-O-S-V-O-O-O-V;V;V
786;антидржавен;5;V-N-O-V-O-V-R-O-V-O-V-N;V;N;V-S-O-V-O-V-S-O-V-O-V-S;V;S
787;антизападен;5;V-N-O-V-O-V-O-V-O-V-N;V;N;V-S-O-V-O-V-O-V-O-V-S;V;S
788;антиинфлациски;6;V-N-O-V-V-N-O-L-V-O-V-O-O-V;V;V;V-S-O-V-V-S-O-S-V-O-V-O-O-V;V;V
789;антика;3;V-N-O-V-O-V;V;V;V-S-O-V-O-V;V;V
790;антикампања;5;V-N-O-V-O-V-N-O-V-N-V;V;V;V-S-O-V-O-V-S-O-V-S-V;V;V
791;антиквар;3;V-N-O-V-O-O-V-R;V;R;V-S-O-V-O-O-V-S;V;S
792;антикварен;4;V-N-O-V-O-O-V-R-V-N;V;N;V-S-O-V-O-O-V-S-V-S;V;S
793;антикварница;5;V-N-O-V-O-O-V-R-N-V-O-V;V;V;V-S-O-V-O-O-V-S-S-V-O-V;V;V
794;антиквизација;6;V-N-O-V-O-O-V-O-V-O-V-J-V;V;V;V-S-O-V-O-O-V-O-V-O-V-S-V;V;V
795;антиквитет;4;V-N-O-V-O-O-V-O-V-O;V;O;V-S-O-V-O-O-V-O-V-O;V;O
796;антиклерикален;6;V-N-O-V-O-L-V-R-V-O-V-L-V-N;V;N;V-S-O-V-O-S-V-S-V-O-V-S-V-S;V;S
797;антиклимакс;4;V-N-O-V-O-L-V-N-V-O-O;V;O-O;V-S-O-V-O-S-V-S-V-O-O;V;O-O
798;антикомунистички;7;V-N-O-V-O-V-N-V-N-V-O-O-V-O-O-V;V;V;V-S-O-V-O-V-S-V-S-V-O-O-V-O-O-V;V;V
799;антикорупција;6;V-N-O-V-O-V-R-V-O-O-V-J-V;V;V;V-S-O-V-O-V-S-V-O-O-V-S-V;V;V
800;антикорупциски;6;V-N-O-V-O-V-R-V-O-O-V-O-O-V;V;V;V-S-O-V-O-V-S-V-O-O-V-O-O-V;V;V
801;антилоп;3;V-N-O-V-L-V-O;V;O;V-S-O-V-S-V-O;V;O
802;антилопа;4;V-N-O-V-L-V-O-V;V;V;V-S-O-V-S-V-O-V;V;V
803;антимакедонски;6;V-N-O-V-N-V-O-V-O-V-N-O-O-V;V;V;V-S-O-V-S-V-O-V-O-V-S-O-O-V;V;V
804;антимарксистички;6;V-N-O-V-N-V-R-O-O-V-O-O-V-O-O-V;V;V;V-S-O-V-S-V-S-O-O-V-O-O-V-O-O-V;V;V
805;антимилитаризам;7;V-N-O-V-N-V-L-V-O-V-R-V-O-V-N;V;N;V-S-O-V-S-V-S-V-O-V-S-V-O-V-S;V;S
806;антимон;3;V-N-O-V-N-V-N;V;N;V-S-O-V-S-V-S;V;S
807;антимонов;4;V-N-O-V-N-V-N-V-O;V;O;V-S-O-V-S-V-S-V-O;V;O
808;антинационален;7;V-N-O-V-N-V-O-V-V-N-V-L-V-N;V;N;V-S-O-V-S-V-O-V-V-S-V-S-V-S;V;S
809;антиневралгик;5;V-N-O-V-N-V-O-R-V-L-O-V-O;V;O;V-S-O-V-S-V-O-S-V-S-O-V-O;V;O
810;антиневралгичен;6;V-N-O-V-N-V-O-R-V-L-O-V-O-V-N;V;N;V-S-O-V-S-V-O-S-V-S-O-V-O-V-S;V;S
811;антиномија;5;V-N-O-V-N-V-N-V-J-V;V;V;V-S-O-V-S-V-S-V-S-V;V;V
812;антиоксидант;5;V-N-O-V-V-O-O-V-O-V-N-O;V;N-O;V-S-O-V-V-O-O-V-O-V-S-O;V;S-O
813;антипатија;5;V-N-O-V-O-V-O-V-J-V;V;V;V-S-O-V-O-V-O-V-S-V;V;V
814;антипатичен;5;V-N-O-V-O-V-O-V-O-V-N;V;N;V-S-O-V-O-V-O-V-O-V-S;V;S
815;антипиретик;5;V-N-O-V-O-V-R-V-O-V-O;V;O;V-S-O-V-O-V-S-V-O-V-O;V;O
816;антипод;3;V-N-O-V-O-V-O;V;O;V-S-O-V-O-V-O;V;O
817;антиподен;4;V-N-O-V-O-V-O-V-N;V;N;V-S-O-V-O-V-O-V-S;V;S
818;антисемит;4;V-N-O-V-O-V-N-V-O;V;O;V-S-O-V-O-V-S-V-O;V;O
819;антисемитизам;6;V-N-O-V-O-V-N-V-O-V-O-V-N;V;N;V-S-O-V-O-V-S-V-O-V-O-V-S;V;S
820;антисептик;4;V-N-O-V-O-V-O-O-V-O;V;O;V-S-O-V-O-V-O-O-V-O;V;O
821;антисоцијален;6;V-N-O-V-O-V-O-V-J-V-L-V-N;V;N;V-S-O-V-O-V-O-V-S-V-S-V-S;V;S
822;антисоцијалистички;8;V-N-O-V-O-V-O-V-J-V-L-V-O-O-V-O-O-V;V;V;V-S-O-V-O-V-O-V-S-V-S-V-O-O-V-O-O-V;V;V
823;антиталент;4;V-N-O-V-O-V-L-V-N-O;V;N-O;V-S-O-V-O-V-S-V-S-O;V;S-O
824;антитеза;4;V-N-O-V-O-V-O-V;V;V;V-S-O-V-O-V-O-V;V;V
825;антитело;4;V-N-O-V-O-V-L-V;V;V;V-S-O-V-O-V-S-V;V;V
826;антитерористички;7;V-N-O-V-O-V-R-V-R-V-O-O-V-O-O-V;V;V;V-S-O-V-O-V-S-V-S-V-O-O-V-O-O-V;V;V
827;антитоксин;4;V-N-O-V-O-V-O-O-V-N;V;N;V-S-O-V-O-V-O-O-V-S;V;S
828;антитуберкулозен;7;V-N-O-V-O-V-O-V-R-O-V-L-V-O-V-N;V;N;V-S-O-V-O-V-O-V-S-O-V-S-V-O-V-S;V;S
829;антиуставен;5;V-N-O-V-V-O-O-V-O-V-N;V;N;V-S-O-V-V-O-O-V-O-V-S;V;S
830;антифашизам;5;V-N-O-V-O-V-O-V-O-V-N;V;N;V-S-O-V-O-V-O-V-O-V-S;V;S
831;антифашист;4;V-N-O-V-O-V-O-V-O-O;V;O-O;V-S-O-V-O-V-O-V-O-O;V;O-O
832;антифриз;3;V-N-O-V-O-R-V-O;V;O;V-S-O-V-O-S-V-O;V;O
833;антихрист;3;V-N-O-V-O-R-V-O-O;V;O-O;V-S-O-V-O-S-V-O-O;V;O-O
834;Антихрист;3;V-N-O-V-O-R-V-O-O;V;O-O;V-S-O-V-O-S-V-O-O;V;O-O
835;антицивилизациски;8;V-N-O-V-O-V-O-V-L-V-O-V-O-V-O-O-V;V;V;V-S-O-V-O-V-O-V-S-V-O-V-O-V-O-O-V;V;V
836;антициклон;4;V-N-O-V-O-V-O-L-V-N;V;N;V-S-O-V-O-V-O-S-V-S;V;S
837;антиципација;6;V-N-O-V-O-V-O-V-O-V-J-V;V;V;V-S-O-V-O-V-O-V-O-V-S-V;V;V
838;антиципира;5;V-N-O-V-O-V-O-V-R-V;V;V;V-S-O-V-O-V-O-V-S-V;V;V
839;антологија;5;V-N-O-V-L-V-O-V-J-V;V;V;V-S-O-V-S-V-O-V-S-V;V;V
840;антоним;3;V-N-O-V-N-V-N;V;N;V-S-O-V-S-V-S;V;S
841;антонимија;5;V-N-O-V-N-V-N-V-J-V;V;V;V-S-O-V-S-V-S-V-S-V;V;V
842;антракс;2;V-N-O-R-V-O-O;V;O-O;V-S-O-S-V-O-O;V;O-O
843;антрацен;3;V-N-O-R-V-O-V-N;V;N;V-S-O-S-V-O-V-S;V;S
844;антрацит;3;V-N-O-R-V-O-V-O;V;O;V-S-O-S-V-O-V-O;V;O
845;антре;2;V-N-O-R-V;V;V;V-S-O-S-V;V;V
846;антропо;3;V-N-O-R-V-O-V;V;V;V-S-O-S-V-O-V;V;V
847;антропоген;4;V-N-O-R-V-O-V-O-V-N;V;N;V-S-O-S-V-O-V-O-V-S;V;S
848;антропоид;4;V-N-O-R-V-O-V-V-O;V;O;V-S-O-S-V-O-V-V-O;V;O
849;антрополог;4;V-N-O-R-V-O-V-L-V-O;V;O;V-S-O-S-V-O-V-S-V-O;V;O
850;антропологија;6;V-N-O-R-V-O-V-L-V-O-V-J-V;V;V;V-S-O-S-V-O-V-S-V-O-V-S-V;V;V
851;антропоморфизам;6;V-N-O-R-V-O-V-N-V-R-O-V-O-V-N;V;N;V-S-O-S-V-O-V-S-V-S-O-V-O-V-S;V;S
852;антропоним;4;V-N-O-R-V-O-V-N-V-N;V;N;V-S-O-S-V-O-V-S-V-S;V;S
853;ануитет;4;V-N-V-V-O-V-O;V;O;V-S-V-V-O-V-O;V;O
854;анулира;4;V-N-V-L-V-R-V;V;V;V-S-V-S-V-S-V;V;V
855;анус;2;V-N-V-O;V;O;V-S-V-O;V;O
856;анфас;2;V-N-O-V-O;V;O;V-S-O-V-O;V;O
857;анџак;2;V-N-O-V-O;V;O;V-S-O-V-O;V;O
858;анџар;2;V-N-O-V-R;V;R;V-S-O-V-S;V;S
859;анџија;3;V-N-O-V-J-V;V;V;V-S-O-V-S-V;V;V
860;аншлуг;2;V-N-O-L-V-O;V;O;V-S-O-S-V-O;V;O
861;аншлус;2;V-N-O-L-V-O;V;O;V-S-O-S-V-O;V;O
862;аор;2;V-V-R;V;R;V-V-S;V;S
863;аорист;3;V-V-R-V-O-O;V;O-O;V-V-S-V-O-O;V;O-O
864;аорта;3;V-V-R-O-V;V;V;V-V-S-O-V;V;V
865;ап;1;V-O;V;O;V-O;V;O
866;апанажа;4;V-O-V-N-V-O-V;V;V;V-O-V-S-V-O-V;V;V
867;апансаз;3;V-O-V-N-O-V-O;V;O;V-O-V-S-O-V-O;V;O
868;апарат;3;V-O-V-R-V-O;V;O;V-O-V-S-V-O;V;O
869;апаратура;5;V-O-V-R-V-O-V-R-V;V;V;V-O-V-S-V-O-V-S-V;V;V
870;апартман;3;V-O-V-R-O-N-V-N;V;N;V-O-V-S-O-S-V-S;V;S
871;апартхејд;3;V-O-V-R-O-O-V-J-O;V;J-O;V-O-V-S-O-O-V-S-O;V;S-O
872;апатија;4;V-O-V-O-V-J-V;V;V;V-O-V-O-V-S-V;V;V
873;апаш;2;V-O-V-O;V;O;V-O-V-O;V;O
874;апе;2;V-O-V;V;V;V-O-V;V;V
875;апеж;2;V-O-V-O;V;O;V-O-V-O;V;O
876;апел;2;V-O-V-L;V;L;V-O-V-S;V;S
877;апелација;5;V-O-V-L-V-O-V-J-V;V;V;V-O-V-S-V-O-V-S-V;V;V
878;апелационен;6;V-O-V-L-V-O-V-V-N-V-N;V;N;V-O-V-S-V-O-V-V-S-V-S;V;S
879;апелациски;5;V-O-V-L-V-O-V-O-O-V;V;V;V-O-V-S-V-O-V-O-O-V;V;V
880;апелира;4;V-O-V-L-V-R-V;V;V;V-O-V-S-V-S-V;V;V
881;аперитив;4;V-O-V-R-V-O-V-O;V;O;V-O-V-S-V-O-V-O;V;O
882;аперкат;3;V-O-V-R-O-V-O;V;O;V-O-V-S-O-V-O;V;O
883;апетит;3;V-O-V-O-V-O;V;O;V-O-V-O-V-O;V;O
884;апла;2;V-O-L-V;V;V;V-O-S-V;V;V
885;аплаудира;5;V-O-L-V-V-O-V-R-V;V;V;V-O-S-V-V-O-V-S-V;V;V
886;аплауз;3;V-O-L-V-V-O;V;O;V-O-S-V-V-O;V;O
887;апликативен;5;V-O-L-V-O-V-O-V-O-V-N;V;N;V-O-S-V-O-V-O-V-O-V-S;V;S
888;апликација;5;V-O-L-V-O-V-O-V-J-V;V;V;V-O-S-V-O-V-O-V-S-V;V;V
889;аплицира;4;V-O-L-V-O-V-R-V;V;V;V-O-S-V-O-V-S-V;V;V
890;апне;2;V-O-N-V;V;V;V-O-S-V;V;V
891;апогеј;3;V-O-V-O-V-J;V;J;V-O-V-O-V-S;V;S
892;апоен;3;V-O-V-V-N;V;N;V-O-V-V-S;V;S
893;апозиција;5;V-O-V-O-V-O-V-J-V;V;V;V-O-V-O-V-O-V-S-V;V;V
894;апокалипса;5;V-O-V-O-V-L-V-O-O-V;V;V;V-O-V-O-V-S-V-O-O-V;V;V
895;апокриф;3;V-O-V-O-R-V-O;V;O;V-O-V-O-S-V-O;V;O
896;апокрифен;4;V-O-V-O-R-V-O-V-N;V;N;V-O-V-O-S-V-O-V-S;V;S
897;аполитичен;5;V-O-V-L-V-O-V-O-V-N;V;N;V-O-V-S-V-O-V-O-V-S;V;S
898;апологет;4;V-O-V-L-V-O-V-O;V;O;V-O-V-S-V-O-V-O;V;O
899;апологетика;6;V-O-V-L-V-O-V-O-V-O-V;V;V;V-O-V-S-V-O-V-O-V-O-V;V;V
900;апологија;5;V-O-V-L-V-O-V-J-V;V;V;V-O-V-S-V-O-V-S-V;V;V
901;апоплексија;5;V-O-V-O-L-V-O-O-V-J-V;V;V;V-O-V-O-S-V-O-O-V-S-V;V;V
902;апоплектичар;5;V-O-V-O-L-V-O-O-V-O-V-R;V;R;V-O-V-O-S-V-O-O-V-O-V-S;V;S
903;апостериорен;6;V-O-V-O-O-V-R-V-V-R-V-N;V;N;V-O-V-O-O-V-S-V-V-S-V-S;V;S
904;апостил;3;V-O-V-O-O-V-L;V;L;V-O-V-O-O-V-S;V;S
905;апостол;3;V-O-V-O-O-V-L;V;L;V-O-V-O-O-V-S;V;S
906;апостолка;4;V-O-V-O-O-V-L-O-V;V;V;V-O-V-O-O-V-S-O-V;V;V
907;апостолство;4;V-O-V-O-O-V-L-O-O-O-V;V;V;V-O-V-O-O-V-S-O-O-O-V;V;V
908;апостроф;3;V-O-V-O-O-R-V-O;V;O;V-O-V-O-O-S-V-O;V;O
909;апострофира;5;V-O-V-O-O-R-V-O-V-R-V;V;V;V-O-V-O-O-S-V-O-V-S-V;V;V
910;апотеоза;5;V-O-V-O-V-V-O-V;V;V;V-O-V-O-V-V-O-V;V;V
911;април;2;V-O-R-V-L;V;L;V-O-S-V-S;V;S
912;априлски;3;V-O-R-V-L-O-O-V;V;V;V-O-S-V-S-O-O-V;V;V
913;априорен;4;V-O-R-V-V-R-V-N;V;N;V-O-S-V-V-S-V-S;V;S
914;априори;4;V-O-R-V-V-R-V;V;V;V-O-S-V-V-S-V;V;V
915;апроксимација;6;V-O-R-V-O-O-V-N-V-O-V-J-V;V;V;V-O-S-V-O-O-V-S-V-O-V-S-V;V;V
916;апс;1;V-O-O;V;O-O;V-O-O;V;O-O
917;апсана;3;V-O-O-V-N-V;V;V;V-O-O-V-S-V;V;V
918;апсанџија;4;V-O-O-V-N-O-V-J-V;V;V;V-O-O-V-S-O-V-S-V;V;V
919;апсеник;3;V-O-O-V-N-V-O;V;O;V-O-O-V-S-V-O;V;O
920;апси;2;V-O-O-V;V;V;V-O-O-V;V;V
921;апсигува;4;V-O-O-V-O-V-O-V;V;V;V-O-O-V-O-V-O-V;V;V
922;апсида;3;V-O-O-V-O-V;V;V;V-O-O-V-O-V;V;V
923;апсолвент;3;V-O-O-V-L-O-V-N-O;V;N-O;V-O-O-V-S-O-V-S-O;V;S-O
924;апсолвира;4;V-O-O-V-L-O-V-R-V;V;V;V-O-O-V-S-O-V-S-V;V;V
925;апсолутен;4;V-O-O-V-L-V-O-V-N;V;N;V-O-O-V-S-V-O-V-S;V;S
926;апсолутизам;5;V-O-O-V-L-V-O-V-O-V-N;V;N;V-O-O-V-S-V-O-V-O-V-S;V;S
927;апсолутизира;6;V-O-O-V-L-V-O-V-O-V-R-V;V;V;V-O-O-V-S-V-O-V-O-V-S-V;V;V
928;апсолутист;4;V-O-O-V-L-V-O-V-O-O;V;O-O;V-O-O-V-S-V-O-V-O-O;V;O-O
929;апсорбира;4;V-O-O-V-R-O-V-R-V;V;V;V-O-O-V-S-O-V-S-V;V;V
930;апсорбираност;5;V-O-O-V-R-O-V-R-V-N-V-O-O;V;O-O;V-O-O-V-S-O-V-S-V-S-V-O-O;V;O-O
931;апсорпција;4;V-O-O-V-R-O-O-V-J-V;V;V;V-O-O-V-S-O-O-V-S-V;V;V
932;апстинент;3;V-O-O-O-V-N-V-N-O;V;N-O;V-O-O-O-V-S-V-S-O;V;S-O
933;апстиненција;5;V-O-O-O-V-N-V-N-O-V-J-V;V;V;V-O-O-O-V-S-V-S-O-V-S-V;V;V
934;апстинира;4;V-O-O-O-V-N-V-R-V;V;V;V-O-O-O-V-S-V-S-V;V;V
935;апстракт;2;V-O-O-O-R-V-O-O;V;O-O;V-O-O-O-S-V-O-O;V;O-O
936;апстрактен;3;V-O-O-O-R-V-O-O-V-N;V;N;V-O-O-O-S-V-O-O-V-S;V;S
937;апстрактност;3;V-O-O-O-R-V-O-O-N-V-O-O;V;O-O;V-O-O-O-S-V-O-O-S-V-O-O;V;O-O
938;апстракција;4;V-O-O-O-R-V-O-O-V-J-V;V;V;V-O-O-O-S-V-O-O-V-S-V;V;V
939;апстрахира;4;V-O-O-O-R-V-O-V-R-V;V;V;V-O-O-O-S-V-O-V-S-V;V;V
940;апстрахираност;5;V-O-O-O-R-V-O-V-R-V-N-V-O-O;V;O-O;V-O-O-O-S-V-O-V-S-V-S-V-O-O;V;O-O
941;апсурд;2;V-O-O-V-R-O;V;R-O;V-O-O-V-S-O;V;S-O
942;апсурден;3;V-O-O-V-R-O-V-N;V;N;V-O-O-V-S-O-V-S;V;S
943;апсцес;2;V-O-O-O-V-O;V;O;V-O-O-O-V-O;V;O
944;аптека;3;V-O-O-V-O-V;V;V;V-O-O-V-O-V;V;V
945;аптекар;3;V-O-O-V-O-V-R;V;R;V-O-O-V-O-V-S;V;S
946;аптекарство;4;V-O-O-V-O-V-R-O-O-O-V;V;V;V-O-O-V-O-V-S-O-O-O-V;V;V
947;апциса;3;V-O-O-V-O-V;V;V;V-O-O-V-O-V;V;V
948;ар;1;V-R;V;R;V-S;V;S
949;араба;3;V-R-V-O-V;V;V;V-S-V-O-V;V;V
950;арабаџија;5;V-R-V-O-V-O-V-J-V;V;V;V-S-V-O-V-O-V-S-V;V;V
951;арабаџилак;5;V-R-V-O-V-O-V-L-V-O;V;O;V-S-V-O-V-O-V-S-V-O;V;O
952;арабеска;4;V-R-V-O-V-O-O-V;V;V;V-S-V-O-V-O-O-V;V;V
953;Арабија;4;V-R-V-O-V-J-V;V;V;V-S-V-O-V-S-V;V;V
954;арабистика;5;V-R-V-O-V-O-O-V-O-V;V;V;V-S-V-O-V-O-O-V-O-V;V;V
955;арак;2;V-R-V-O;V;O;V-S-V-O;V;O
956;арам;2;V-R-V-N;V;N;V-S-V-S;V;S
957;арам;2;V-R-V-N;V;N;V-S-V-S;V;S
958;арамбаша;4;V-R-V-N-O-V-O-V;V;V;V-S-V-S-O-V-O-V;V;V
959;арамија;4;V-R-V-N-V-J-V;V;V;V-S-V-S-V-S-V;V;V
960;арамилак;4;V-R-V-N-V-L-V-O;V;O;V-S-V-S-V-S-V-O;V;O
961;арамиство;4;V-R-V-N-V-O-O-O-V;V;V;V-S-V-S-V-O-O-O-V;V;V
962;арамолебец;5;V-R-V-N-V-L-V-O-V-O;V;O;V-S-V-S-V-S-V-O-V-O;V;O
963;арангел;3;V-R-V-N-O-V-L;V;L;V-S-V-S-O-V-S;V;S
964;аранжер;3;V-R-V-N-O-V-R;V;R;V-S-V-S-O-V-S;V;S
965;аранжира;4;V-R-V-N-O-V-R-V;V;V;V-S-V-S-O-V-S-V;V;V
966;аранжман;3;V-R-V-N-O-N-V-N;V;N;V-S-V-S-O-S-V-S;V;S
967;аранија;4;V-R-V-N-V-J-V;V;V;V-S-V-S-V-S-V;V;V
968;Арап;2;V-R-V-O;V;O;V-S-V-O;V;O
969;Арапин;3;V-R-V-O-V-N;V;N;V-S-V-O-V-S;V;S
970;арапски;3;V-R-V-O-O-O-V;V;V;V-S-V-O-O-O-V;V;V
971;арар;2;V-R-V-R;V;R;V-S-V-S;V;S
972;арач;2;V-R-V-O;V;O;V-S-V-O;V;O
973;арачлија;4;V-R-V-O-L-V-J-V;V;V;V-S-V-O-S-V-S-V;V;V
974;арбитер;3;V-R-O-V-O-V-R;V;R;V-S-O-V-O-V-S;V;S
975;арбитража;4;V-R-O-V-O-R-V-O-V;V;V;V-S-O-V-O-S-V-O-V;V;V
976;арбитрарен;4;V-R-O-V-O-R-V-R-V-N;V;N;V-S-O-V-O-S-V-S-V-S;V;S
977;арбитрира;4;V-R-O-V-O-R-V-R-V;V;V;V-S-O-V-O-S-V-S-V;V;V
978;аргат;2;V-R-O-V-O;V;O;V-S-O-V-O;V;O
979;аргатлак;3;V-R-O-V-O-L-V-O;V;O;V-S-O-V-O-S-V-O;V;O
980;аргатски;3;V-R-O-V-O-O-O-V;V;V;V-S-O-V-O-O-O-V;V;V
981;аргатува;4;V-R-O-V-O-V-O-V;V;V;V-S-O-V-O-V-O-V;V;V
982;аргач;2;V-R-O-V-O;V;O;V-S-O-V-O;V;O
983;Аргентина;4;V-R-O-V-N-O-V-N-V;V;V;V-S-O-V-S-O-V-S-V;V;V
984;арго;2;V-R-O-V;V;V;V-S-O-V;V;V
985;аргон;2;V-R-O-V-N;V;N;V-S-O-V-S;V;S
986;аргонаут;4;V-R-O-V-N-V-V-O;V;O;V-S-O-V-S-V-V-O;V;O
987;аргумент;3;V-R-O-V-N-V-N-O;V;N-O;V-S-O-V-S-V-S-O;V;S-O
988;аргументација;6;V-R-O-V-N-V-N-O-V-O-V-J-V;V;V;V-S-O-V-S-V-S-O-V-O-V-S-V;V;V
989;аргументира;5;V-R-O-V-N-V-N-O-V-R-V;V;V;V-S-O-V-S-V-S-O-V-S-V;V;V
990;ардал;2;V-R-O-V-L;V;L;V-S-O-V-S;V;S
991;ареал;3;V-R-V-V-L;V;L;V-S-V-V-S;V;S
992;арен;2;V-R-V-N;V;N;V-S-V-S;V;S
993;арена;3;V-R-V-N-V;V;V;V-S-V-S-V;V;V
994;аренда;3;V-R-V-N-O-V;V;V;V-S-V-S-O-V;V;V
995;ареса;3;V-R-V-O-V;V;V;V-S-V-O-V;V;V
996;Ариец;3;V-R-V-V-O;V;O;V-S-V-V-O;V;O
997;ариза;3;V-R-V-O-V;V;V;V-S-V-O-V;V;V
998;арија;3;V-R-V-J-V;V;V;V-S-V-S-V;V;V
999;аристократ;4;V-R-V-O-O-V-O-R-V-O;V;O;V-S-V-O-O-V-O-S-V-O;V;O
1000;аристократија;6;V-R-V-O-O-V-O-R-V-O-V-J-V;V;V;V-S-V-O-O-V-O-S-V-O-V-S-V;V;V
1001;аристократски;5;V-R-V-O-O-V-O-R-V-O-O-O-V;V;V;V-S-V-O-O-V-O-S-V-O-O-O-V;V;V
1002;аритметика;5;V-R-V-O-N-V-O-V-O-V;V;V;V-S-V-O-S-V-O-V-O-V;V;V
1003;аритмија;4;V-R-V-O-N-V-J-V;V;V;V-S-V-O-S-V-S-V;V;V
1004;аритмичен;4;V-R-V-O-N-V-O-V-N;V;N;V-S-V-O-S-V-O-V-S;V;S
1005;арка;2;V-R-O-V;V;V;V-S-O-V;V;V
1006;аркада;3;V-R-O-V-O-V;V;V;V-S-O-V-O-V;V;V
1007;армада;3;V-R-N-V-O-V;V;V;V-S-S-V-O-V;V;V
1008;армас;2;V-R-N-V-O;V;O;V-S-S-V-O;V;O
1009;армаса;3;V-R-N-V-O-V;V;V;V-S-S-V-O-V;V;V
1010;армасар;3;V-R-N-V-O-V-R;V;R;V-S-S-V-O-V-S;V;S
1011;армасарка;4;V-R-N-V-O-V-R-O-V;V;V;V-S-S-V-O-V-S-O-V;V;V
1012;армасник;3;V-R-N-V-O-N-V-O;V;O;V-S-S-V-O-S-V-O;V;O
1013;арматура;4;V-R-N-V-O-V-R-V;V;V;V-S-S-V-O-V-S-V;V;V
1014;армија;3;V-R-N-V-J-V;V;V;V-S-S-V-S-V;V;V
1015;армира;3;V-R-N-V-R-V;V;V;V-S-S-V-S-V;V;V
1016;армирач;3;V-R-N-V-R-V-O;V;O;V-S-S-V-S-V-O;V;O
1017;Арнаут;3;V-R-N-V-V-O;V;O;V-S-S-V-V-O;V;O
1018;арно;2;V-R-N-V;V;V;V-S-S-V;V;V
1019;арно;2;V-R-N-V;V;V;V-S-S-V;V;V
1020;аро;2;V-R-V;V;V;V-S-V;V;V
1021;арогантен;4;V-R-V-O-V-N-O-V-N;V;N;V-S-V-O-V-S-O-V-S;V;S
1022;ароганција;5;V-R-V-O-V-N-O-V-J-V;V;V;V-S-V-O-V-S-O-V-S-V;V;V
1023;арома;3;V-R-V-N-V;V;V;V-S-V-S-V;V;V
1024;аромат;3;V-R-V-N-V-O;V;O;V-S-V-S-V-O;V;O
1025;ароматен;4;V-R-V-N-V-O-V-N;V;N;V-S-V-S-V-O-V-S;V;S
1026;ароматичен;5;V-R-V-N-V-O-V-O-V-N;V;N;V-S-V-S-V-O-V-O-V-S;V;S
1027;аронија;4;V-R-V-N-V-J-V;V;V;V-S-V-S-V-S-V;V;V
1028;арпа;2;V-R-O-V;V;V;V-S-O-V;V;V
1029;арпаџик;3;V-R-O-V-O-V-O;V;O;V-S-O-V-O-V-O;V;O
1030;арсен;2;V-R-O-V-N;V;N;V-S-O-V-S;V;S
1031;арсенал;3;V-R-O-V-N-V-L;V;L;V-S-O-V-S-V-S;V;S
1032;арсеник;3;V-R-O-V-N-V-O;V;O;V-S-O-V-S-V-O;V;O
1033;арслан;2;V-R-O-L-V-N;V;N;V-S-O-S-V-S;V;S
1034;артерија;4;V-R-O-V-R-V-J-V;V;V;V-S-O-V-S-V-S-V;V;V
1035;артериосклероза;7;V-R-O-V-R-V-V-O-O-L-V-R-V-O-V;V;V;V-S-O-V-S-V-V-O-O-S-V-S-V-O-V;V;V
1036;артески;3;V-R-O-V-O-O-V;V;V;V-S-O-V-O-O-V;V;V
1037;артефакт;3;V-R-O-V-O-V-O-O;V;O-O;V-S-O-V-O-V-O-O;V;O-O
1038;артизам;3;V-R-O-V-O-V-N;V;N;V-S-O-V-O-V-S;V;S
1039;артикл;3;V-R-O-V-O-V-L;V;L;V-S-O-V-O-V-S;V;S
1040;артикулација;6;V-R-O-V-O-V-L-V-O-V-J-V;V;V;V-S-O-V-O-V-S-V-O-V-S-V;V;V
1041;артикулира;5;V-R-O-V-O-V-L-V-R-V;V;V;V-S-O-V-O-V-S-V-S-V;V;V
1042;артилерец;4;V-R-O-V-L-V-R-V-O;V;O;V-S-O-V-S-V-S-V-O;V;O
1043;артилерија;5;V-R-O-V-L-V-R-V-J-V;V;V;V-S-O-V-S-V-S-V-S-V;V;V
1044;артист;2;V-R-O-V-O-O;V;O-O;V-S-O-V-O-O;V;O-O
1045;артистика;4;V-R-O-V-O-O-V-O-V;V;V;V-S-O-V-O-O-V-O-V;V;V
1046;артифициелен;6;V-R-O-V-O-V-O-V-V-L-V-N;V;N;V-S-O-V-O-V-O-V-V-S-V-S;V;S
1047;артичока;4;V-R-O-V-O-V-O-V;V;V;V-S-O-V-O-V-O-V;V;V
1048;артритис;3;V-R-O-R-V-O-V-O;V;O;V-S-O-S-V-O-V-O;V;O
1049;архаизам;4;V-R-O-V-V-O-V-N;V;N;V-S-O-V-V-O-V-S;V;S
1050;архаизација;6;V-R-O-V-V-O-V-O-V-J-V;V;V;V-S-O-V-V-O-V-O-V-S-V;V;V
1051;архаизира;5;V-R-O-V-V-O-V-R-V;V;V;V-S-O-V-V-O-V-S-V;V;V
1052;архаичен;4;V-R-O-V-V-O-V-N;V;N;V-S-O-V-V-O-V-S;V;S
1053;архангел;3;V-R-O-V-N-O-V-L;V;L;V-S-O-V-S-O-V-S;V;S
1054;археолог;4;V-R-O-V-V-L-V-O;V;O;V-S-O-V-V-S-V-O;V;O
1055;археологија;6;V-R-O-V-V-L-V-O-V-J-V;V;V;V-S-O-V-V-S-V-O-V-S-V;V;V
1056;архетип;3;V-R-O-V-O-V-O;V;O;V-S-O-V-O-V-O;V;O
1057;архив;2;V-R-O-V-O;V;O;V-S-O-V-O;V;O
1058;архива;3;V-R-O-V-O-V;V;V;V-S-O-V-O-V;V;V
1059;архивар;3;V-R-O-V-O-V-R;V;R;V-S-O-V-O-V-S;V;S
1060;архиварство;4;V-R-O-V-O-V-R-O-O-O-V;V;V;V-S-O-V-O-V-S-O-O-O-V;V;V
1061;архивира;4;V-R-O-V-O-V-R-V;V;V;V-S-O-V-O-V-S-V;V;V
1062;архивиран;4;V-R-O-V-O-V-R-V-N;V;N;V-S-O-V-O-V-S-V-S;V;S
1063;архивист;3;V-R-O-V-O-V-O-O;V;O-O;V-S-O-V-O-V-O-O;V;O-O
1064;архиѓакон;4;V-R-O-V-O-V-O-V-N;V;N;V-S-O-V-O-V-O-V-S;V;S
1065;архиепископ;5;V-R-O-V-V-O-V-O-O-V-O;V;O;V-S-O-V-V-O-V-O-O-V-O;V;O
1066;архиепископија;7;V-R-O-V-V-O-V-O-O-V-O-V-J-V;V;V;V-S-O-V-V-O-V-O-O-V-O-V-S-V;V;V
1067;архијереј;4;V-R-O-V-J-V-R-V-J;V;J;V-S-O-V-S-V-S-V-S;V;S
1068;архимандрит;4;V-R-O-V-N-V-N-O-R-V-O;V;O;V-S-O-V-S-V-S-O-S-V-O;V;O
1069;архипелаг;4;V-R-O-V-O-V-L-V-O;V;O;V-S-O-V-O-V-S-V-O;V;O
1070;архитект;3;V-R-O-V-O-V-O-O;V;O-O;V-S-O-V-O-V-O-O;V;O-O
1071;архитектоника;6;V-R-O-V-O-V-O-O-V-N-V-O-V;V;V;V-S-O-V-O-V-O-O-V-S-V-O-V;V;V
1072;архитектура;5;V-R-O-V-O-V-O-O-V-R-V;V;V;V-S-O-V-O-V-O-O-V-S-V;V;V
1073;архитектурен;5;V-R-O-V-O-V-O-O-V-R-V-N;V;N;V-S-O-V-O-V-O-O-V-S-V-S;V;S
1074;архитип;3;V-R-O-V-O-V-O;V;O;V-S-O-V-O-V-O;V;O
1075;арч;1;V-R-O;V;R-O;V-S-O;V;S-O
1076;арчелив;3;V-R-O-V-L-V-O;V;O;V-S-O-V-S-V-O;V;O
1077;арчи;2;V-R-O-V;V;V;V-S-O-V;V;V
1078;аршин;2;V-R-O-V-N;V;N;V-S-O-V-S;V;S
1079;аршлама;3;V-R-O-L-V-N-V;V;V;V-S-O-S-V-S-V;V;V
1080;ас;1;V-O;V;O;V-O;V;O
1081;асамблеја;4;V-O-V-N-O-L-V-J-V;V;V;V-O-V-S-O-S-V-S-V;V;V
1082;асе;2;V-O-V;V;V;V-O-V;V;V
1083;асеизмичен;5;V-O-V-V-O-N-V-O-V-N;V;N;V-O-V-V-O-S-V-O-V-S;V;S
1084;асеизмички;5;V-O-V-V-O-N-V-O-O-V;V;V;V-O-V-V-O-S-V-O-O-V;V;V
1085;асексуален;5;V-O-V-O-O-V-V-L-V-N;V;N;V-O-V-O-O-V-V-S-V-S;V;S
1086;асемблер;3;V-O-V-N-O-L-V-R;V;R;V-O-V-S-O-S-V-S;V;S
1087;асептичен;4;V-O-V-O-O-V-O-V-N;V;N;V-O-V-O-O-V-O-V-S;V;S
1088;асептички;4;V-O-V-O-O-V-O-O-V;V;V;V-O-V-O-O-V-O-O-V;V;V
1089;асиметрија;5;V-O-V-N-V-O-R-V-J-V;V;V;V-O-V-S-V-O-S-V-S-V;V;V
1090;асиметричен;5;V-O-V-N-V-O-R-V-O-V-N;V;N;V-O-V-S-V-O-S-V-O-V-S;V;S
1091;асимилатор;5;V-O-V-N-V-L-V-O-V-R;V;R;V-O-V-S-V-S-V-O-V-S;V;S
1092;асимилаторен;6;V-O-V-N-V-L-V-O-V-R-V-N;V;N;V-O-V-S-V-S-V-O-V-S-V-S;V;S
1093;асимилаторски;6;V-O-V-N-V-L-V-O-V-R-O-O-V;V;V;V-O-V-S-V-S-V-O-V-S-O-O-V;V;V
1094;асимилација;6;V-O-V-N-V-L-V-O-V-J-V;V;V;V-O-V-S-V-S-V-O-V-S-V;V;V
1095;асимилира;5;V-O-V-N-V-L-V-R-V;V;V;V-O-V-S-V-S-V-S-V;V;V
1096;асинхрон;3;V-O-V-N-O-R-V-N;V;N;V-O-V-S-O-S-V-S;V;S
1097;асистент;3;V-O-V-O-O-V-N-O;V;N-O;V-O-V-O-O-V-S-O;V;S-O
1098;асистира;4;V-O-V-O-O-V-R-V;V;V;V-O-V-O-O-V-S-V;V;V
1099;аскеза;3;V-O-O-V-O-V;V;V;V-O-O-V-O-V;V;V
1100;аскер;2;V-O-O-V-R;V;R;V-O-O-V-S;V;S
1101;аскет;2;V-O-O-V-O;V;O;V-O-O-V-O;V;O
1102;аскетизам;4;V-O-O-V-O-V-O-V-N;V;N;V-O-O-V-O-V-O-V-S;V;S
1103;аскетство;3;V-O-O-V-O-O-O-O-V;V;V;V-O-O-V-O-O-O-O-V;V;V
1104;асли;2;V-O-L-V;V;V;V-O-S-V;V;V
1105;асолен;3;V-O-V-L-V-N;V;N;V-O-V-S-V-S;V;S
1106;асонанција;5;V-O-V-N-V-N-O-V-J-V;V;V;V-O-V-S-V-S-O-V-S-V;V;V
1107;асортиман;4;V-O-V-R-O-V-N-V-N;V;N;V-O-V-S-O-V-S-V-S;V;S
1108;асоцијален;5;V-O-V-O-V-J-V-L-V-N;V;N;V-O-V-O-V-S-V-S-V-S;V;S
1109;асоцијативен;6;V-O-V-O-V-J-V-O-V-O-V-N;V;N;V-O-V-O-V-S-V-O-V-O-V-S;V;S
1110;асоцијација;6;V-O-V-O-V-J-V-O-V-J-V;V;V;V-O-V-O-V-S-V-O-V-S-V;V;V
1111;асоцира;4;V-O-V-O-V-R-V;V;V;V-O-V-O-V-S-V;V;V
1112;аспарагус;4;V-O-O-V-R-V-O-V-O;V;O;V-O-O-V-S-V-O-V-O;V;O
1113;аспект;2;V-O-O-V-O-O;V;O-O;V-O-O-V-O-O;V;O-O
1114;аспида;3;V-O-O-V-O-V;V;V;V-O-O-V-O-V;V;V
1115;аспирант;3;V-O-O-V-R-V-N-O;V;N-O;V-O-O-V-S-V-S-O;V;S-O
1116;аспиратор;4;V-O-O-V-R-V-O-V-R;V;R;V-O-O-V-S-V-O-V-S;V;S
1117;аспирација;5;V-O-O-V-R-V-O-V-J-V;V;V;V-O-O-V-S-V-O-V-S-V;V;V
1118;аспирин;3;V-O-O-V-R-V-N;V;N;V-O-O-V-S-V-S;V;S
1119;аспирира;4;V-O-O-V-R-V-R-V;V;V;V-O-O-V-S-V-S-V;V;V
1120;аспра;2;V-O-O-R-V;V;V;V-O-O-S-V;V;V
1121;астал;2;V-O-O-V-L;V;L;V-O-O-V-S;V;S
1122;астар;2;V-O-O-V-R;V;R;V-O-O-V-S;V;S
1123;астарка;3;V-O-O-V-R-O-V;V;V;V-O-O-V-S-O-V;V;V
1124;астатин;3;V-O-O-V-O-V-N;V;N;V-O-O-V-O-V-S;V;S
1125;Астек;2;V-O-O-V-O;V;O;V-O-O-V-O;V;O
1126;астериск;3;V-O-O-V-R-V-O-O;V;O-O;V-O-O-V-S-V-O-O;V;O-O
1127;астероид;4;V-O-O-V-R-V-V-O;V;O;V-O-O-V-S-V-V-O;V;O
1128;астечки;3;V-O-O-V-O-O-V;V;V;V-O-O-V-O-O-V;V;V
1129;астма;2;V-O-O-N-V;V;V;V-O-O-S-V;V;V
1130;астматичар;4;V-O-O-N-V-O-V-O-V-R;V;R;V-O-O-S-V-O-V-O-V-S;V;S
1131;астматичен;4;V-O-O-N-V-O-V-O-V-N;V;N;V-O-O-S-V-O-V-O-V-S;V;S
1132;астраган;3;V-O-O-R-V-O-V-N;V;N;V-O-O-S-V-O-V-S;V;S
1133;астрален;3;V-O-O-R-V-L-V-N;V;N;V-O-O-S-V-S-V-S;V;S
1134;астролог;3;V-O-O-R-V-L-V-O;V;O;V-O-O-S-V-S-V-O;V;O
1135;астрологија;5;V-O-O-R-V-L-V-O-V-J-V;V;V;V-O-O-S-V-S-V-O-V-S-V;V;V
1136;астронаут;4;V-O-O-R-V-N-V-V-O;V;O;V-O-O-S-V-S-V-V-O;V;O
1137;астронаутика;6;V-O-O-R-V-N-V-V-O-V-O-V;V;V;V-O-O-S-V-S-V-V-O-V-O-V;V;V
1138;астроном;3;V-O-O-R-V-N-V-N;V;N;V-O-O-S-V-S-V-S;V;S
1139;астрономија;5;V-O-O-R-V-N-V-N-V-J-V;V;V;V-O-O-S-V-S-V-S-V-S-V;V;V
1140;астрофизика;5;V-O-O-R-V-O-V-O-V-O-V;V;V;V-O-O-S-V-O-V-O-V-O-V;V;V
1141;асура;3;V-O-V-R-V;V;V;V-O-V-S-V;V;V
1142;асфалт;2;V-O-O-V-L-O;V;L-O;V-O-O-V-S-O;V;S-O
1143;асфалтен;3;V-O-O-V-L-O-V-N;V;N;V-O-O-V-S-O-V-S;V;S
1144;асфалтира;4;V-O-O-V-L-O-V-R-V;V;V;V-O-O-V-S-O-V-S-V;V;V
1145;асфалтиран;4;V-O-O-V-L-O-V-R-V-N;V;N;V-O-O-V-S-O-V-S-V-S;V;S
1146;ат;1;V-O;V;O;V-O;V;O
1147;атавизам;4;V-O-V-O-V-O-V-N;V;N;V-O-V-O-V-O-V-S;V;S
1148;атака;3;V-O-V-O-V;V;V;V-O-V-O-V;V;V
1149;атакува;4;V-O-V-O-V-O-V;V;V;V-O-V-O-V-O-V;V;V
1150;атаман;3;V-O-V-N-V-N;V;N;V-O-V-S-V-S;V;S
1151;атар;2;V-O-V-R;V;R;V-O-V-S;V;S
1152;аташе;3;V-O-V-O-V;V;V;V-O-V-O-V;V;V
1153;атеизам;4;V-O-V-V-O-V-N;V;N;V-O-V-V-O-V-S;V;S
1154;атеист;3;V-O-V-V-O-O;V;O-O;V-O-V-V-O-O;V;O-O
1155;ателје;3;V-O-V-L-J-V;V;V;V-O-V-S-S-V;V;V
1156;атентат;3;V-O-V-N-O-V-O;V;O;V-O-V-S-O-V-O;V;O
1157;атентатор;4;V-O-V-N-O-V-O-V-R;V;R;V-O-V-S-O-V-O-V-S;V;S
1158;атер;2;V-O-V-R;V;R;V-O-V-S;V;S
1159;атерира;4;V-O-V-R-V-R-V;V;V;V-O-V-S-V-S-V;V;V
1160;атерирање;5;V-O-V-R-V-R-V-N-V;V;V;V-O-V-S-V-S-V-S-V;V;V
1161;атерџија;4;V-O-V-R-O-V-J-V;V;V;V-O-V-S-O-V-S-V;V;V
1162;атест;2;V-O-V-O-O;V;O-O;V-O-V-O-O;V;O-O
1163;атестат;3;V-O-V-O-O-V-O;V;O;V-O-V-O-O-V-O;V;O
1164;атик;2;V-O-V-O;V;O;V-O-V-O;V;O
1165;Атина;3;V-O-V-N-V;V;V;V-O-V-S-V;V;V
1166;атипичен;4;V-O-V-O-V-O-V-N;V;N;V-O-V-O-V-O-V-S;V;S
1167;атка;2;V-O-O-V;V;V;V-O-O-V;V;V
1168;атлаз;2;V-O-L-V-O;V;O;V-O-S-V-O;V;O
1169;атлазен;3;V-O-L-V-O-V-N;V;N;V-O-S-V-O-V-S;V;S
1170;Атлантик;3;V-O-L-V-N-O-V-O;V;O;V-O-S-V-S-O-V-O;V;O
1171;атлантски;3;V-O-L-V-N-O-O-O-V;V;V;V-O-S-V-S-O-O-O-V;V;V
1172;атлас;2;V-O-L-V-O;V;O;V-O-S-V-O;V;O
1173;атлет;2;V-O-L-V-O;V;O;V-O-S-V-O;V;O
1174;атлетика;4;V-O-L-V-O-V-O-V;V;V;V-O-S-V-O-V-O-V;V;V
1175;атлетичар;4;V-O-L-V-O-V-O-V-R;V;R;V-O-S-V-O-V-O-V-S;V;S
1176;атмосфера;4;V-O-N-V-O-O-V-R-V;V;V;V-O-S-V-O-O-V-S-V;V;V
1177;атмосферски;4;V-O-N-V-O-O-V-R-O-O-V;V;V;V-O-S-V-O-O-V-S-O-O-V;V;V
1178;атол;2;V-O-V-L;V;L;V-O-V-S;V;S
1179;атом;2;V-O-V-N;V;N;V-O-V-S;V;S
1180;атомизација;6;V-O-V-N-V-O-V-O-V-J-V;V;V;V-O-V-S-V-O-V-O-V-S-V;V;V
1181;атомизира;5;V-O-V-N-V-O-V-R-V;V;V;V-O-V-S-V-O-V-S-V;V;V
1182;атомски;3;V-O-V-N-O-O-V;V;V;V-O-V-S-O-O-V;V;V
1183;атпазар;3;V-O-O-V-O-V-R;V;R;V-O-O-V-O-V-S;V;S
1184;атрактивен;4;V-O-R-V-O-O-V-O-V-N;V;N;V-O-S-V-O-O-V-O-V-S;V;S
1185;атракција;4;V-O-R-V-O-O-V-J-V;V;V;V-O-S-V-O-O-V-S-V;V;V
1186;атрибут;3;V-O-R-V-O-V-O;V;O;V-O-S-V-O-V-O;V;O
1187;атрибутивен;5;V-O-R-V-O-V-O-V-O-V-N;V;N;V-O-S-V-O-V-O-V-O-V-S;V;S
1188;атриум;3;V-O-R-V-V-N;V;N;V-O-S-V-V-S;V;S
1189;атрофија;4;V-O-R-V-O-V-J-V;V;V;V-O-S-V-O-V-S-V;V;V
1190;атрофира;4;V-O-R-V-O-V-R-V;V;V;V-O-S-V-O-V-S-V;V;V
1191;атхезија;4;V-O-O-V-O-V-J-V;V;V;V-O-O-V-O-V-S-V;V;V
1192;аугментатив;5;V-V-O-N-V-N-O-V-O-V-O;V;O;V-V-O-S-V-S-O-V-O-V-O;V;O
1193;аугментативен;6;V-V-O-N-V-N-O-V-O-V-O-V-N;V;N;V-V-O-S-V-S-O-V-O-V-O-V-S;V;S
1194;аудиенција;6;V-V-O-V-V-N-O-V-J-V;V;V;V-V-O-V-V-S-O-V-S-V;V;V
1195;аудио;4;V-V-O-V-V;V;V;V-V-O-V-V;V;V
1196;аудиовизуелен;8;V-V-O-V-V-O-V-O-V-V-L-V-N;V;N;V-V-O-V-V-O-V-O-V-V-S-V-S;V;S
1197;аудиовизуелен;8;V-V-O-V-V-O-V-O-V-V-L-V-N;V;N;V-V-O-V-V-O-V-O-V-V-S-V-S;V;S
1198;аудиозапис;6;V-V-O-V-V-O-V-O-V-O;V;O;V-V-O-V-V-O-V-O-V-O;V;O
1199;аудиоснимка;6;V-V-O-V-V-O-N-V-N-O-V;V;V;V-V-O-V-V-O-S-V-S-O-V;V;V
1200;аудиотехника;7;V-V-O-V-V-O-V-O-N-V-O-V;V;V;V-V-O-V-V-O-V-O-S-V-O-V;V;V
1201;аудитивен;5;V-V-O-V-O-V-O-V-N;V;N;V-V-O-V-O-V-O-V-S;V;S
1202;аудиториум;6;V-V-O-V-O-V-R-V-V-N;V;N;V-V-O-V-O-V-S-V-V-S;V;S
1203;аудиција;5;V-V-O-V-O-V-J-V;V;V;V-V-O-V-O-V-S-V;V;V
1204;аукција;4;V-V-O-O-V-J-V;V;V;V-V-O-O-V-S-V;V;V
1205;аула;3;V-V-L-V;V;V;V-V-S-V;V;V
1206;аура;3;V-V-R-V;V;V;V-V-S-V;V;V
1207;аурора;4;V-V-R-V-R-V;V;V;V-V-S-V-S-V;V;V
1208;аускултација;6;V-V-O-O-V-L-O-V-O-V-J-V;V;V;V-V-O-O-V-S-O-V-O-V-S-V;V;V
1209;ауспух;3;V-V-O-O-V-O;V;O;V-V-O-O-V-O;V;O
1210;аут;2;V-V-O;V;O;V-V-O;V;O
1211;аутизам;4;V-V-O-V-O-V-N;V;N;V-V-O-V-O-V-S;V;S
1212;аутист;3;V-V-O-V-O-O;V;O-O;V-V-O-V-O-O;V;O-O
1213;аутопсија;5;V-V-O-V-O-O-V-J-V;V;V;V-V-O-V-O-O-V-S-V;V;V
1214;аутпут;3;V-V-O-O-V-O;V;O;V-V-O-O-V-O;V;O
1215;аутсајдер;4;V-V-O-O-V-J-O-V-R;V;R;V-V-O-O-V-S-O-V-S;V;S
1216;аутсорсинг;4;V-V-O-O-V-R-O-V-N-O;V;N-O;V-V-O-O-V-S-O-V-S-O;V;S-O
1217;афазија;4;V-O-V-O-V-J-V;V;V;V-O-V-O-V-S-V;V;V
1218;афект;2;V-O-V-O-O;V;O-O;V-O-V-O-O;V;O-O
1219;афектација;5;V-O-V-O-O-V-O-V-J-V;V;V;V-O-V-O-O-V-O-V-S-V;V;V
1220;афектен;3;V-O-V-O-O-V-N;V;N;V-O-V-O-O-V-S;V;S
1221;афективен;4;V-O-V-O-O-V-O-V-N;V;N;V-O-V-O-O-V-O-V-S;V;S
1222;афектира;4;V-O-V-O-O-V-R-V;V;V;V-O-V-O-O-V-S-V;V;V
1223;афектиран;4;V-O-V-O-O-V-R-V-N;V;N;V-O-V-O-O-V-S-V-S;V;S
1224;афера;3;V-O-V-R-V;V;V;V-O-V-S-V;V;V
1225;аферист;3;V-O-V-R-V-O-O;V;O-O;V-O-V-S-V-O-O;V;O-O
1226;афикс;2;V-O-V-O-O;V;O-O;V-O-V-O-O;V;O-O
1227;афинитет;4;V-O-V-N-V-O-V-O;V;O;V-O-V-S-V-O-V-O;V;O
1228;афион;3;V-O-V-V-N;V;N;V-O-V-V-S;V;S
1229;афионар;4;V-O-V-V-N-V-R;V;R;V-O-V-V-S-V-S;V;S
1230;афионов;4;V-O-V-V-N-V-O;V;O;V-O-V-V-S-V-O;V;O
1231;афирмативен;5;V-O-V-R-N-V-O-V-O-V-N;V;N;V-O-V-S-S-V-O-V-O-V-S;V;S
1232;афирматор;4;V-O-V-R-N-V-O-V-R;V;R;V-O-V-S-S-V-O-V-S;V;S
1233;афирмација;5;V-O-V-R-N-V-O-V-J-V;V;V;V-O-V-S-S-V-O-V-S-V;V;V
1234;афирмира;4;V-O-V-R-N-V-R-V;V;V;V-O-V-S-S-V-S-V;V;V
1235;афирмиран;4;V-O-V-R-N-V-R-V-N;V;N;V-O-V-S-S-V-S-V-S;V;S
1236;афиш;2;V-O-V-O;V;O;V-O-V-O;V;O
1237;афоризам;4;V-O-V-R-V-O-V-N;V;N;V-O-V-S-V-O-V-S;V;S
1238;афористичен;5;V-O-V-R-V-O-O-V-O-V-N;V;N;V-O-V-S-V-O-O-V-O-V-S;V;S
1239;Африка;3;V-O-R-V-O-V;V;V;V-O-S-V-O-V;V;V
1240;афродизијак;5;V-O-R-V-O-V-O-V-J-V-O;V;O;V-O-S-V-O-V-O-V-S-V-O;V;O
1241;Афродита;4;V-O-R-V-O-V-O-V;V;V;V-O-S-V-O-V-O-V;V;V
1242;афт;1;V-O-O;V;O-O;V-O-O;V;O-O
1243;ахат;2;V-O-V-O;V;O;V-O-V-O;V;O
1244;ахроматски;4;V-O-R-V-N-V-O-O-O-V;V;V;V-O-S-V-S-V-O-O-O-V;V;V
1245;ахчија;3;V-O-O-V-J-V;V;V;V-O-O-V-S-V;V;V
1246;ахчијница;4;V-O-O-V-J-N-V-O-V;V;V;V-O-O-V-S-S-V-O-V;V;V
1247;ацетат;3;V-O-V-O-V-O;V;O;V-O-V-O-V-O;V;O
1248;ацетилен;4;V-O-V-O-V-L-V-N;V;N;V-O-V-O-V-S-V-S;V;S
1249;ацетон;3;V-O-V-O-V-N;V;N;V-O-V-O-V-S;V;S
1250;ачик;2;V-O-V-O;V;O;V-O-V-O;V;O
1251;ачиклија;4;V-O-V-O-L-V-J-V;V;V;V-O-V-O-S-V-S-V;V;V
1252;аџаба;3;V-O-V-O-V;V;V;V-O-V-O-V;V;V
1253;аџамија;4;V-O-V-N-V-J-V;V;V;V-O-V-S-V-S-V;V;V
1254;аџамилак;4;V-O-V-N-V-L-V-O;V;O;V-O-V-S-V-S-V-O;V;O
1255;аџи;2;V-O-V;V;V;V-O-V;V;V
1256;аџи;2;V-O-V;V;V;V-O-V;V;V
1257;аџија;3;V-O-V-J-V;V;V;V-O-V-S-V;V;V
1258;аџилак;3;V-O-V-L-V-O;V;O;V-O-V-S-V-O;V;O
1259;ашик;2;V-O-V-O;V;O;V-O-V-O;V;O
1260;ашиќаре;4;V-O-V-O-V-R-V;V;V;V-O-V-O-V-S-V;V;V
1261;ашка;2;V-O-O-V;V;V;V-O-O-V;V;V
1262;ашканица;4;V-O-O-V-N-V-O-V;V;V;V-O-O-V-S-V-O-V;V;V
1263;ашкенази;4;V-O-O-V-N-V-O-V;V;V;V-O-O-V-S-V-O-V;V;V
1264;ашладиса;4;V-O-L-V-O-V-O-V;V;V;V-O-S-V-O-V-O-V;V;V
1265;ашлак;2;V-O-L-V-O;V;O;V-O-S-V-O;V;O
1266;ашлама;3;V-O-L-V-N-V;V;V;V-O-S-V-S-V;V;V
1267;ашов;2;V-O-V-O;V;O;V-O-V-O;V;O
1268;ашуре;3;V-O-V-R-V;V;V;V-O-V-S-V;V;V
1269;ашчија;3;V-O-O-V-J-V;V;V;V-O-O-V-S-V;V;V
1270;ашчилница;4;V-O-O-V-L-N-V-O-V;V;V;V-O-O-V-S-S-V-O-V;V;V